YEAR,CURRENT_ROUND,TEAM1,TEAM2,TEAM1_AVG_PD,TEAM2_AVG_PD,PRED_MARGIN,POINT_DIFFERENTIAL,ABS_ERROR
2008,2,Memphis,Kansas,19.058823529411764,19.515151515151516,-0.4563279857397511,-7,6.543672014260249
2008,4,UCLA,Memphis,14.393939393939394,19.058823529411764,-4.66488413547237,-15,10.33511586452763
2008,4,Kansas,North Carolina,19.515151515151516,15.970588235294118,3.544563279857398,18,14.455436720142602
2008,8,Xavier,UCLA,13.0,14.393939393939394,-1.3939393939393945,-19,17.606060606060606
2008,8,Texas,Memphis,9.93939393939394,19.058823529411764,-9.119429590017825,-18,8.880570409982175
2008,8,Davidson,Kansas,14.193548387096774,19.515151515151516,-5.321603128054742,-2,3.3216031280547416
2008,8,Louisville,North Carolina,10.59375,15.970588235294118,-5.376838235294118,-10,4.623161764705882
2008,16,West Virginia,Xavier,11.424242424242424,13.0,-1.5757575757575761,-4,2.424242424242424
2008,16,Texas,Stanford,9.93939393939394,10.06060606060606,-0.1212121212121211,20,20.12121212121212
2008,16,Davidson,Wisconsin,14.193548387096774,13.575757575757576,0.6177908113391979,17,16.382209188660802
2008,16,Villanova,Kansas,3.53125,19.515151515151516,-15.983901515151516,-15,0.9839015151515156
2008,16,Tennessee,Louisville,11.53125,10.59375,0.9375,-19,19.9375
2008,32,Duke,West Virginia,14.8125,11.424242424242424,3.388257575757576,-6,9.388257575757576
2008,32,Xavier,Purdue,13.0,7.53125,5.46875,7,1.53125
2008,32,Texas A&M,UCLA,9.181818181818182,14.393939393939394,-5.212121212121213,-2,3.212121212121213
2008,32,Texas,Miami FL,9.93939393939394,5.774193548387097,4.1652003910068425,3,1.1652003910068425
2008,32,Stanford,Marquette,10.06060606060606,11.59375,-1.5331439393939394,1,2.5331439393939394
2008,32,Georgetown,Davidson,11.75,14.193548387096774,-2.443548387096774,-4,1.556451612903226
2008,32,Siena,Villanova,5.75,3.53125,2.21875,-12,14.21875
2008,32,UNLV,Kansas,7.3125,19.515151515151516,-12.202651515151516,-19,6.797348484848484
2008,32,Tennessee,Butler,11.53125,10.59375,0.9375,5,4.0625
2008,32,Louisville,Oklahoma,10.59375,5.03030303030303,5.56344696969697,30,24.43655303030303
2008,32,Arkansas,North Carolina,6.606060606060606,15.970588235294118,-9.36452762923351,-31,21.63547237076649
2008,64,Belmont,Duke,5.03125,14.8125,-9.78125,-1,8.78125
2008,64,Arizona,West Virginia,4.78125,11.424242424242424,-6.642992424242424,-10,3.357007575757576
2008,64,Georgia,Xavier,0.90625,13.0,-12.09375,-12,0.09375
2008,64,Baylor,Purdue,6.266666666666667,7.53125,-1.2645833333333334,-11,9.735416666666666
2008,64,San Diego,Connecticut,2.0,9.09375,-7.09375,1,8.09375
2008,64,Texas A&M,BYU,9.181818181818182,10.941176470588236,-1.7593582887700538,5,6.759358288770054
2008,64,Austin Peay,Texas,3.911764705882353,9.93939393939394,-6.027629233511586,-20,13.972370766488414
2008,64,Cornell,Stanford,7.615384615384615,10.06060606060606,-2.4452214452214456,-24,21.554778554778554
2008,64,Kentucky,Marquette,3.2666666666666666,11.59375,-8.327083333333334,-8,0.3270833333333343
2008,64,Oral Roberts,Pittsburgh,7.387096774193548,8.942857142857143,-1.555760368663595,-19,17.444239631336405
2008,64,UT Arlington,Memphis,2.5357142857142856,19.058823529411764,-16.52310924369748,-24,7.47689075630252
2008,64,UMBC,Georgetown,5.354838709677419,11.75,-6.395161290322581,-19,12.60483870967742
2008,64,Davidson,Gonzaga,14.193548387096774,13.25,0.943548387096774,6,5.056451612903226
2008,64,Siena,Vanderbilt,5.75,6.212121212121212,-0.46212121212121193,21,21.46212121212121
2008,64,Villanova,Clemson,3.53125,9.6875,-6.15625,6,12.15625
2008,64,South Alabama,Butler,9.935483870967742,10.59375,-0.658266129032258,-20,19.341733870967744
2008,64,George Mason,Notre Dame,7.575757575757576,10.096774193548388,-2.5210166177908118,-18,15.478983382209188
2008,64,Arkansas,Indiana,6.606060606060606,10.4375,-3.8314393939393936,14,17.831439393939394
2009,4,North Carolina,Villanova,16.516129032258064,9.545454545454545,6.970674486803519,14,7.029325513196481
2009,8,Oklahoma,North Carolina,11.375,16.516129032258064,-5.141129032258064,-12,6.858870967741936
2009,8,Villanova,Pittsburgh,9.545454545454545,13.548387096774194,-4.002932551319649,2,6.002932551319649
2009,8,Missouri,Connecticut,14.647058823529411,13.35483870967742,1.2922201138519913,-7,8.292220113851991
2009,16,Oklahoma,Syracuse,11.375,8.058823529411764,3.3161764705882355,13,9.683823529411764
2009,16,Gonzaga,North Carolina,17.233333333333334,16.516129032258064,0.7172043010752702,-21,21.71720430107527
2009,16,Duke,Villanova,12.411764705882353,9.545454545454545,2.8663101604278083,-23,25.86631016042781
2009,16,Xavier,Pittsburgh,9.96875,13.548387096774194,-3.579637096774194,-5,1.420362903225806
2009,16,Memphis,Missouri,17.176470588235293,14.647058823529411,2.5294117647058822,-11,13.529411764705882
2009,16,Purdue,Connecticut,10.235294117647058,13.35483870967742,-3.119544592030362,-12,8.880455407969638
2009,16,Arizona,Louisville,3.75,12.333333333333334,-8.583333333333334,-39,30.416666666666664
2009,32,Oklahoma,Michigan,11.375,3.53125,7.84375,10,2.15625
2009,32,LSU,North Carolina,9.424242424242424,16.516129032258064,-7.09188660801564,-14,6.90811339198436
2009,32,Duke,Texas,12.411764705882353,6.878787878787879,5.532976827094474,5,0.5329768270944744
2009,32,Villanova,UCLA,9.545454545454545,12.727272727272727,-3.1818181818181817,20,23.18181818181818
2009,32,Xavier,Wisconsin,9.96875,5.387096774193548,4.581653225806452,11,6.418346774193548
2009,32,Memphis,Maryland,17.176470588235293,3.0,14.176470588235293,19,4.8235294117647065
2009,32,Missouri,Marquette,14.647058823529411,9.393939393939394,5.253119429590017,4,1.2531194295900168
2009,32,Washington,Purdue,9.333333333333334,10.235294117647058,-0.9019607843137241,-2,1.098039215686276
2009,32,Texas A&M,Connecticut,5.375,13.35483870967742,-7.97983870967742,-26,18.02016129032258
2009,32,Kansas,Dayton,11.3125,6.0,5.3125,17,11.6875
2009,32,Siena,Louisville,7.636363636363637,12.333333333333334,-4.696969696969697,-7,2.3030303030303028
2009,64,Michigan,Clemson,3.53125,10.741935483870968,-7.210685483870968,3,10.210685483870968
2009,64,Akron,Gonzaga,5.911764705882353,17.233333333333334,-11.321568627450981,-13,1.678431372549019
2009,64,Butler,LSU,8.8,9.424242424242424,-0.6242424242424232,-4,3.375757575757577
2009,64,Radford,North Carolina,2.2413793103448274,16.516129032258064,-14.274749721913237,-43,28.72525027808676
2009,64,Binghamton,Duke,2.966666666666667,12.411764705882353,-9.445098039215686,-24,14.554901960784314
2009,64,Minnesota,Texas,4.709677419354839,6.878787878787879,-2.16911045943304,-14,11.830889540566961
2009,64,VCU,UCLA,8.636363636363637,12.727272727272727,-4.09090909090909,-1,3.09090909090909
2009,64,Maryland,California,3.0,6.6875,-3.6875,13,16.6875
2009,64,Cornell,Missouri,8.241379310344827,14.647058823529411,-6.405679513184584,-19,12.594320486815416
2009,64,Northern Iowa,Purdue,4.151515151515151,10.235294117647058,-6.083778966131907,-5,1.0837789661319066
2009,64,Texas A&M,BYU,5.375,12.451612903225806,-7.076612903225806,13,20.076612903225808
2009,64,Chattanooga,Connecticut,-1.46875,13.35483870967742,-14.82358870967742,-56,41.17641129032258
2009,64,USC,Boston College,4.878787878787879,4.484848484848484,0.3939393939393945,17,16.606060606060606
2009,64,Dayton,West Virginia,6.0,10.764705882352942,-4.764705882352942,8,12.764705882352942
2009,64,Arizona,Utah,3.75,7.5,-3.75,13,16.75
2010,2,Duke,Butler,16.264705882352942,10.0625,6.202205882352942,2,4.202205882352942
2010,4,Duke,West Virginia,16.264705882352942,9.181818181818182,7.08288770053476,21,13.91711229946524
2010,8,Baylor,Duke,10.161290322580646,16.264705882352942,-6.103415559772296,-7,0.8965844402277039
2010,8,West Virginia,Kentucky,9.181818181818182,13.970588235294118,-4.788770053475936,7,11.788770053475936
2010,16,Purdue,Duke,10.1875,16.264705882352942,-6.077205882352942,-13,6.922794117647058
2010,16,West Virginia,Washington,9.181818181818182,9.848484848484848,-0.6666666666666661,13,13.666666666666666
2010,16,Cornell,Kentucky,10.620689655172415,13.970588235294118,-3.349898580121703,-17,13.650101419878297
2010,16,Butler,Syracuse,10.0625,14.59375,-4.53125,4,8.53125
2010,32,Baylor,Old Dominion,10.161290322580646,10.382352941176471,-0.2210626185958251,8,8.221062618595825
2010,32,Purdue,Texas A&M,10.1875,6.483870967741935,3.703629032258065,2,1.703629032258065
2010,32,California,Duke,9.575757575757576,16.264705882352942,-6.688948306595366,-15,8.311051693404634
2010,32,West Virginia,Missouri,9.181818181818182,11.75,-2.5681818181818183,9,11.568181818181818
2010,32,New Mexico,Washington,9.575757575757576,9.848484848484848,-0.2727272727272716,-18,17.727272727272727
2010,32,Wisconsin,Cornell,11.290322580645162,10.620689655172415,0.6696329254727473,-18,18.669632925472747
2010,32,Wake Forest,Kentucky,4.517241379310345,13.970588235294118,-9.453346855983773,-30,20.546653144016226
2010,32,Pittsburgh,Xavier,6.71875,10.96875,-4.25,-3,1.25
2010,32,Gonzaga,Syracuse,9.64516129032258,14.59375,-4.94858870967742,-22,17.05141129032258
2010,32,Ohio,Tennessee,4.882352941176471,8.696969696969697,-3.8146167557932262,-15,11.185383244206774
2010,32,Northern Iowa,Kansas,9.03125,17.970588235294116,-8.939338235294116,2,10.939338235294116
2010,64,Robert Morris,Villanova,2.823529411764706,9.67741935483871,-6.8538899430740035,-3,3.8538899430740035
2010,64,Old Dominion,Notre Dame,10.382352941176471,7.147058823529412,3.235294117647059,1,2.235294117647059
2010,64,Siena,Purdue,10.181818181818182,10.1875,-0.005681818181818343,-8,7.994318181818182
2010,64,Louisville,California,6.75,9.575757575757576,-2.825757575757576,-15,12.174242424242424
2010,64,Missouri,Clemson,11.75,9.451612903225806,2.298387096774194,8,5.701612903225806
2010,64,Montana,New Mexico,7.275862068965517,9.575757575757576,-2.2998955067920592,-5,2.7001044932079408
2010,64,Washington,Marquette,9.848484848484848,8.757575757575758,1.09090909090909,2,0.9090909090909101
2010,64,Wofford,Wisconsin,7.151515151515151,11.290322580645162,-4.1388074291300105,-4,0.13880742913001054
2010,64,Cornell,Temple,10.620689655172415,8.794117647058824,1.8265720081135903,13,11.17342799188641
2010,64,Wake Forest,Texas,4.517241379310345,11.545454545454545,-7.0282131661442,1,8.0282131661442
2010,64,Florida,BYU,6.181818181818182,16.939393939393938,-10.757575757575756,-7,3.757575757575756
2010,64,Oakland,Pittsburgh,3.5,6.71875,-3.21875,-23,19.78125
2010,64,Minnesota,Xavier,8.882352941176471,10.96875,-2.086397058823529,-11,8.913602941176471
2010,64,UTEP,Butler,11.59375,10.0625,1.53125,-18,19.53125
2010,64,Vermont,Syracuse,6.264705882352941,14.59375,-8.329044117647058,-23,14.670955882352942
2010,64,Ohio,Georgetown,4.882352941176471,8.121212121212121,-3.23885918003565,14,17.23885918003565
2010,64,Houston,Maryland,3.727272727272727,11.233333333333333,-7.506060606060606,-12,4.493939393939394
2010,64,Northern Iowa,UNLV,9.03125,8.78125,0.25,3,2.75
2010,64,Lehigh,Kansas,5.09375,17.970588235294116,-12.876838235294116,-16,3.123161764705884
2011,2,Butler,Connecticut,7.483870967741935,7.0285714285714285,0.4552995391705066,-12,12.455299539170507
2011,4,Butler,VCU,7.483870967741935,4.088235294117647,3.3956356736242883,8,4.604364326375712
2011,4,Connecticut,Kentucky,7.0285714285714285,12.575757575757576,-5.547186147186148,1,6.547186147186148
2011,8,Florida,Butler,8.484848484848484,7.483870967741935,1.0009775171065494,-3,4.000977517106549
2011,8,VCU,Kansas,4.088235294117647,17.147058823529413,-13.058823529411766,10,23.058823529411768
2011,8,Connecticut,Arizona,7.0285714285714285,9.058823529411764,-2.030252100840336,2,4.030252100840336
2011,8,North Carolina,Kentucky,8.909090909090908,12.575757575757576,-3.666666666666668,-7,3.333333333333332
2011,16,Florida,BYU,8.484848484848484,13.424242424242424,-4.9393939393939394,9,13.93939393939394
2011,16,Wisconsin,Butler,9.870967741935484,7.483870967741935,2.387096774193549,-7,9.387096774193548
2011,16,Richmond,Kansas,9.176470588235293,17.147058823529413,-7.9705882352941195,-20,12.02941176470588
2011,16,Arizona,Duke,9.058823529411764,16.794117647058822,-7.735294117647058,16,23.735294117647058
2011,16,North Carolina,Marquette,8.909090909090908,7.029411764705882,1.879679144385026,18,16.120320855614974
2011,32,Florida,UCLA,8.484848484848484,4.1875,4.297348484848484,8,3.7026515151515156
2011,32,BYU,Gonzaga,13.424242424242424,10.6875,2.736742424242424,22,19.263257575757578
2011,32,Butler,Pittsburgh,7.483870967741935,13.09375,-5.609879032258065,1,6.609879032258065
2011,32,Purdue,VCU,11.21875,4.088235294117647,7.130514705882353,-18,25.130514705882355
2011,32,Illinois,Kansas,6.0625,17.147058823529413,-11.084558823529413,-14,2.915441176470587
2011,32,Connecticut,Cincinnati,7.0285714285714285,9.757575757575758,-2.7290043290043293,11,13.72900432900433
2011,32,Texas,Arizona,13.529411764705882,9.058823529411764,4.470588235294118,-1,5.470588235294118
2011,32,Michigan,Duke,2.875,16.794117647058822,-13.919117647058822,-2,11.919117647058822
2011,32,North Carolina,Washington,8.909090909090908,13.121212121212121,-4.212121212121213,3,7.212121212121213
2011,32,Syracuse,Marquette,10.272727272727273,7.029411764705882,3.243315508021391,-4,7.243315508021391
2011,32,Kentucky,West Virginia,12.575757575757576,5.451612903225806,7.12414467253177,8,0.8758553274682299
2011,64,UC Santa Barbara,Florida,2.103448275862069,8.484848484848484,-6.381400208986415,-28,21.618599791013587
2011,64,Wofford,BYU,5.96969696969697,13.424242424242424,-7.454545454545454,-8,0.5454545454545459
2011,64,Belmont,Wisconsin,18.41176470588235,9.870967741935484,8.540796963946867,-14,22.540796963946867
2011,64,Old Dominion,Butler,7.545454545454546,7.483870967741935,0.061583577712610804,-2,2.061583577712611
2011,64,UNC Asheville,Pittsburgh,3.0,13.09375,-10.09375,-23,12.90625
2011,64,Akron,Notre Dame,3.6470588235294117,10.375,-6.727941176470589,-13,6.272058823529411
2011,64,VCU,Georgetown,4.088235294117647,4.935483870967742,-0.8472485768500952,18,18.847248576850095
2011,64,Richmond,Vanderbilt,9.176470588235293,8.575757575757576,0.6007130124777174,3,2.3992869875222826
2011,64,Illinois,UNLV,6.0625,9.28125,-3.21875,11,14.21875
2011,64,Bucknell,Connecticut,7.333333333333333,7.0285714285714285,0.30476190476190457,-29,29.304761904761904
2011,64,Missouri,Cincinnati,9.0,9.757575757575758,-0.7575757575757578,-15,14.242424242424242
2011,64,Oakland,Texas,8.545454545454545,13.529411764705882,-4.983957219251337,-4,0.9839572192513373
2011,64,Memphis,Arizona,3.9411764705882355,9.058823529411764,-5.117647058823529,-2,3.117647058823529
2011,64,Tennessee,Michigan,3.3333333333333335,2.875,0.4583333333333335,-30,30.458333333333332
2011,64,Hampton,Duke,5.032258064516129,16.794117647058822,-11.761859582542694,-42,30.238140417457306
2011,64,LIU Brooklyn,North Carolina,8.71875,8.909090909090908,-0.19034090909090828,-15,14.809659090909092
2011,64,Georgia,Washington,4.53125,13.121212121212121,-8.589962121212121,-3,5.589962121212121
2011,64,Marquette,Xavier,7.029411764705882,8.064516129032258,-1.0351043643263758,11,12.035104364326376
2011,64,Princeton,Kentucky,5.566666666666666,12.575757575757576,-7.00909090909091,-2,5.00909090909091
2011,64,Clemson,West Virginia,7.3125,5.451612903225806,1.860887096774194,-8,9.860887096774194
2011,64,Villanova,George Mason,7.15625,11.8125,-4.65625,-4,0.65625
2012,2,Kansas,Kentucky,13.090909090909092,17.676470588235293,-4.585561497326202,-8,3.4144385026737982
2012,4,Louisville,Kentucky,7.6571428571428575,17.676470588235293,-10.019327731092435,-8,2.019327731092435
2012,8,Kansas,North Carolina,13.090909090909092,15.117647058823529,-2.0267379679144373,13,15.026737967914437
2012,8,Florida,Louisville,10.242424242424242,7.6571428571428575,2.5852813852813847,-4,6.585281385281385
2012,8,Baylor,Kentucky,9.0,17.676470588235293,-8.676470588235293,-12,3.3235294117647065
2012,16,Ohio,North Carolina,7.545454545454546,15.117647058823529,-7.572192513368983,-8,0.42780748663101686
2012,16,Wisconsin,Syracuse,11.0,14.181818181818182,-3.1818181818181817,-1,2.1818181818181817
2012,16,Florida,Marquette,10.242424242424242,9.71875,0.5236742424242422,10,9.476325757575758
2012,16,Xavier,Baylor,3.3333333333333335,9.0,-5.666666666666666,-5,0.6666666666666661
2012,16,Indiana,Kentucky,11.727272727272727,17.676470588235293,-5.949197860962567,-12,6.050802139037433
2012,32,Kansas,Purdue,13.090909090909092,6.181818181818182,6.90909090909091,3,3.90909090909091
2012,32,Ohio,South Florida,7.545454545454546,1.5,6.045454545454546,6,0.04545454545454586
2012,32,Creighton,North Carolina,10.484848484848484,15.117647058823529,-4.632798573975045,-14,9.367201426024955
2012,32,Wisconsin,Vanderbilt,11.0,7.9411764705882355,3.0588235294117645,3,0.0588235294117645
2012,32,Louisville,New Mexico,7.6571428571428575,12.90625,-5.2491071428571425,3,8.249107142857142
2012,32,Lehigh,Xavier,10.21875,3.3333333333333335,6.885416666666666,-12,18.885416666666664
2012,32,Baylor,Colorado,9.0,2.71875,6.28125,17,10.71875
2012,32,Indiana,VCU,11.727272727272727,8.617647058823529,3.1096256684491976,2,1.1096256684491976
2012,64,Detroit,Kansas,2.9393939393939394,13.090909090909092,-10.151515151515152,-15,4.848484848484848
2012,64,Belmont,Georgetown,13.878787878787879,9.333333333333334,4.545454545454545,-15,19.545454545454547
2012,64,Ohio,Michigan,7.545454545454546,4.5,3.045454545454546,5,1.9545454545454541
2012,64,South Florida,Temple,1.5,6.129032258064516,-4.629032258064516,14,18.629032258064516
2012,64,Alabama,Creighton,6.8125,10.484848484848484,-3.6723484848484844,-1,2.6723484848484844
2012,64,Vermont,North Carolina,6.735294117647059,15.117647058823529,-8.382352941176471,-19,10.617647058823529
2012,64,West Virginia,Gonzaga,5.46875,10.774193548387096,-5.305443548387096,-23,17.694556451612904
2012,64,Texas,Cincinnati,6.242424242424242,7.323529411764706,-1.0811051693404634,-6,4.918894830659537
2012,64,Montana,Wisconsin,9.03448275862069,11.0,-1.9655172413793096,-24,22.03448275862069
2012,64,Harvard,Vanderbilt,10.03448275862069,7.9411764705882355,2.093306288032455,-9,11.093306288032455
2012,64,UNC Asheville,Syracuse,6.2,14.181818181818182,-7.9818181818181815,-7,0.9818181818181815
2012,64,Virginia,Florida,9.387096774193548,10.242424242424242,-0.8553274682306942,-26,25.144672531769306
2012,64,BYU,Marquette,10.774193548387096,9.71875,1.055443548387096,-20,21.055443548387096
2012,64,Davidson,Louisville,9.451612903225806,7.6571428571428575,1.7944700460829486,-7,8.79447004608295
2012,64,Lehigh,Duke,10.21875,9.06060606060606,1.1581439393939394,5,3.8418560606060606
2012,64,Xavier,Notre Dame,3.3333333333333335,4.96969696969697,-1.6363636363636362,4,5.636363636363637
2012,64,Colorado,UNLV,2.71875,9.59375,-6.875,4,10.875
2013,2,Michigan,Louisville,11.4375,15.588235294117647,-4.150735294117647,-6,1.8492647058823533
2013,4,Syracuse,Michigan,11.257142857142858,11.4375,-0.180357142857142,-5,4.819642857142858
2013,8,Marquette,Syracuse,6.258064516129032,11.257142857142858,-4.999078341013826,-16,11.000921658986174
2013,8,Florida,Michigan,17.939393939393938,11.4375,6.501893939393938,-20,26.501893939393938
2013,8,Duke,Louisville,12.875,15.588235294117647,-2.7132352941176467,-22,19.286764705882355
2013,16,Miami FL,Marquette,9.242424242424242,6.258064516129032,2.98435972629521,-10,12.98435972629521
2013,16,Syracuse,Indiana,11.257142857142858,17.545454545454547,-6.288311688311689,11,17.288311688311687
2013,16,Michigan,Kansas,11.4375,13.911764705882353,-2.4742647058823533,2,4.474264705882353
2013,16,Oregon,Louisville,8.117647058823529,15.588235294117647,-7.470588235294118,-8,0.5294117647058822
2013,32,Miami FL,Illinois,9.242424242424242,3.212121212121212,6.03030303030303,4,2.0303030303030303
2013,32,Marquette,Butler,6.258064516129032,4.909090909090909,1.3489736070381229,2,0.6510263929618771
2013,32,Syracuse,California,11.257142857142858,3.161290322580645,8.095852534562212,6,2.095852534562212
2013,32,Temple,Indiana,4.65625,17.545454545454547,-12.889204545454547,-6,6.889204545454547
2013,32,Florida,Minnesota,17.939393939393938,6.75,11.189393939393938,14,2.8106060606060623
2013,32,Michigan,VCU,11.4375,12.529411764705882,-1.0919117647058822,25,26.091911764705884
2013,32,North Carolina,Kansas,7.0606060606060606,13.911764705882353,-6.851158645276293,-12,5.148841354723707
2013,32,Harvard,Arizona,4.703703703703703,9.59375,-4.890046296296297,-23,18.109953703703702
2013,32,La Salle,Mississippi,6.466666666666667,10.617647058823529,-4.150980392156862,2,6.150980392156862
2013,32,Duke,Creighton,12.875,12.294117647058824,0.5808823529411757,16,15.419117647058824
2013,64,Pacific,Miami FL,1.84375,9.242424242424242,-7.398674242424242,-29,21.601325757575758
2013,64,Colorado,Illinois,4.375,3.212121212121212,1.162878787878788,-8,9.162878787878789
2013,64,Davidson,Marquette,11.09375,6.258064516129032,4.835685483870968,-1,5.835685483870968
2013,64,Bucknell,Butler,9.5625,4.909090909090909,4.653409090909091,-12,16.65340909090909
2013,64,Montana,Syracuse,4.827586206896552,11.257142857142858,-6.429556650246306,-47,40.570443349753695
2013,64,California,UNLV,3.161290322580645,7.515151515151516,-4.353861192570871,3,7.353861192570871
2013,64,James Madison,Indiana,0.8235294117647058,17.545454545454547,-16.72192513368984,-21,4.27807486631016
2013,64,Minnesota,UCLA,6.75,5.794117647058823,0.9558823529411766,20,19.044117647058822
2013,64,Akron,VCU,9.67741935483871,12.529411764705882,-2.8519924098671723,-46,43.14800759013283
2013,64,Villanova,North Carolina,2.5,7.0606060606060606,-4.5606060606060606,-7,2.4393939393939394
2013,64,Harvard,New Mexico,4.703703703703703,7.029411764705882,-2.325708061002179,6,8.325708061002178
2013,64,Belmont,Arizona,12.266666666666667,9.59375,2.6729166666666675,-17,19.672916666666666
2013,64,Mississippi,Wisconsin,10.617647058823529,9.617647058823529,1.0,11,10.0
2013,64,Cincinnati,Creighton,7.878787878787879,12.294117647058824,-4.415329768270945,-4,0.41532976827094537
2014,2,Kentucky,Connecticut,9.264705882352942,8.735294117647058,0.529411764705884,-6,6.529411764705884
2014,4,Kentucky,Wisconsin,9.264705882352942,8.969696969696969,0.2950089126559732,1,0.7049910873440268
2014,4,Connecticut,Florida,8.735294117647058,12.794117647058824,-4.058823529411766,10,14.058823529411766
2014,8,Michigan,Kentucky,9.030303030303031,9.264705882352942,-0.23440285204991085,-3,2.765597147950089
2014,8,Wisconsin,Arizona,8.969696969696969,14.911764705882353,-5.942067736185384,1,6.942067736185384
2014,8,Dayton,Florida,5.757575757575758,12.794117647058824,-7.0365418894830665,-10,2.9634581105169335
2014,16,Michigan,Tennessee,9.030303030303031,9.125,-0.09469696969696884,2,2.094696969696969
2014,16,Louisville,Kentucky,21.147058823529413,9.264705882352942,11.882352941176471,-5,16.88235294117647
2014,16,Wisconsin,Baylor,8.969696969696969,5.393939393939394,3.5757575757575752,17,13.424242424242426
2014,16,Stanford,Dayton,4.878787878787879,5.757575757575758,-0.8787878787878789,-10,9.121212121212121
2014,16,UCLA,Florida,11.058823529411764,12.794117647058824,-1.7352941176470598,-11,9.26470588235294
2014,32,Michigan,Texas,9.030303030303031,4.090909090909091,4.93939393939394,14,9.060606060606059
2014,32,Mercer,Tennessee,9.741935483870968,9.125,0.616935483870968,-20,20.616935483870968
2014,32,Wisconsin,Oregon,8.969696969696969,7.84375,1.1259469696969688,8,6.874053030303031
2014,32,Creighton,Baylor,12.121212121212121,5.393939393939394,6.7272727272727275,-30,36.72727272727273
2014,32,Gonzaga,Arizona,11.272727272727273,14.911764705882353,-3.63903743315508,-23,19.36096256684492
2014,32,Villanova,Connecticut,11.9375,8.735294117647058,3.202205882352942,-12,15.202205882352942
2014,32,Memphis,Virginia,6.67741935483871,10.647058823529411,-3.9696394686907013,-18,14.030360531309299
2014,32,Kansas,Stanford,9.151515151515152,4.878787878787879,4.272727272727273,-3,7.272727272727273
2014,32,Syracuse,Dayton,8.65625,5.757575757575758,2.898674242424242,-2,4.898674242424242
2014,32,Pittsburgh,Florida,10.117647058823529,12.794117647058824,-2.6764705882352953,-16,13.323529411764705
2014,64,Wofford,Michigan,2.2758620689655173,9.030303030303031,-6.754440961337513,-17,10.245559038662487
2014,64,Mercer,Duke,9.741935483870968,11.558823529411764,-1.8168880455407965,7,8.816888045540797
2014,64,Tennessee,Massachusetts,9.125,5.34375,3.78125,19,15.21875
2014,64,Manhattan,Louisville,7.375,21.147058823529413,-13.772058823529413,-7,6.772058823529413
2014,64,BYU,Oregon,6.666666666666667,7.84375,-1.177083333333333,-19,17.822916666666668
2014,64,Nebraska,Baylor,2.129032258064516,5.393939393939394,-3.2649071358748776,-14,10.735092864125122
2014,64,Providence,North Carolina,3.676470588235294,7.25,-3.573529411764706,-2,1.573529411764706
2014,64,Harvard,Cincinnati,12.137931034482758,10.393939393939394,1.7439916405433635,4,2.2560083594566365
2014,64,Stanford,New Mexico,4.878787878787879,8.272727272727273,-3.3939393939393945,5,8.393939393939394
2014,64,Tulsa,UCLA,5.7272727272727275,11.058823529411764,-5.331550802139037,-17,11.668449197860962
2014,64,Pittsburgh,Colorado,10.117647058823529,2.911764705882353,7.205882352941176,29,21.794117647058826
2015,2,Duke,Wisconsin,15.030303030303031,15.764705882352942,-0.7344028520499108,5,5.734402852049911
2015,4,Wisconsin,Kentucky,15.764705882352942,20.941176470588236,-5.1764705882352935,7,12.176470588235293
2015,8,Gonzaga,Duke,17.12121212121212,15.030303030303031,2.09090909090909,-14,16.09090909090909
2015,8,Arizona,Wisconsin,17.823529411764707,15.764705882352942,2.0588235294117645,-7,9.058823529411764
2015,8,Notre Dame,Kentucky,13.176470588235293,20.941176470588236,-7.764705882352942,-2,5.764705882352942
2015,16,Gonzaga,UCLA,17.12121212121212,3.9696969696969697,13.151515151515152,12,1.1515151515151523
2015,16,Utah,Duke,14.483870967741936,15.030303030303031,-0.5464320625610952,-6,5.453567937438905
2015,16,Arizona,Xavier,17.823529411764707,5.911764705882353,11.911764705882353,8,3.9117647058823533
2015,16,North Carolina,Wisconsin,9.514285714285714,15.764705882352942,-6.250420168067228,-7,0.7495798319327722
2015,16,West Virginia,Kentucky,7.09375,20.941176470588236,-13.847426470588236,-39,25.152573529411764
2015,32,Gonzaga,Iowa,17.12121212121212,7.53125,9.589962121212121,19,9.410037878787879
2015,32,UAB,UCLA,0.8181818181818182,3.9696969696969697,-3.1515151515151514,-17,13.848484848484848
2015,32,Georgetown,Utah,6.064516129032258,14.483870967741936,-8.419354838709678,-11,2.580645161290322
2015,32,Oklahoma,Dayton,9.1875,7.303030303030303,1.8844696969696972,6,4.115530303030303
2015,32,Louisville,Northern Iowa,9.6875,11.06060606060606,-1.3731060606060606,13,14.37310606060606
2015,32,North Carolina,Arkansas,9.514285714285714,7.882352941176471,1.6319327731092432,9,7.368067226890757
2015,32,Oregon,Wisconsin,4.03030303030303,15.764705882352942,-11.73440285204991,-7,4.734402852049911
2015,32,Notre Dame,Butler,13.176470588235293,8.375,4.8014705882352935,3,1.8014705882352935
2015,32,Maryland,West Virginia,6.242424242424242,7.09375,-0.8513257575757578,-10,9.148674242424242
2015,32,Cincinnati,Kentucky,7.09375,20.941176470588236,-13.847426470588236,-13,0.8474264705882355
2015,64,Davidson,Iowa,10.1,7.53125,2.5687499999999996,-31,33.56875
2015,64,UCLA,SMU,3.9696969696969697,9.6875,-5.71780303030303,1,6.71780303030303
2015,64,Robert Morris,Duke,1.2727272727272727,15.030303030303031,-13.757575757575758,-29,15.242424242424242
2015,64,Belmont,Virginia,3.6129032258064515,14.59375,-10.980846774193548,-12,1.019153225806452
2015,64,Dayton,Providence,7.303030303030303,4.7272727272727275,2.5757575757575752,13,10.424242424242426
2015,64,UC Irvine,Louisville,3.3548387096774195,9.6875,-6.33266129032258,-2,4.33266129032258
2015,64,Wyoming,Northern Iowa,4.5,11.06060606060606,-6.5606060606060606,-17,10.43939393939394
2015,64,Lafayette,Villanova,1.064516129032258,15.382352941176471,-14.317836812144213,-41,26.682163187855785
2015,64,Mississippi,Xavier,5.125,5.911764705882353,-0.7867647058823533,-19,18.213235294117645
2015,64,Harvard,North Carolina,4.962962962962963,9.514285714285714,-4.551322751322751,-2,2.5513227513227514
2015,64,Wofford,Arkansas,5.8125,7.882352941176471,-2.069852941176471,-3,0.930147058823529
2015,64,Northeastern,Notre Dame,3.588235294117647,13.176470588235293,-9.588235294117647,-4,5.588235294117647
2015,64,Texas,Butler,7.545454545454546,8.375,-0.8295454545454541,-8,7.170454545454546
2015,64,Valparaiso,Maryland,8.666666666666666,6.242424242424242,2.424242424242424,-3,5.424242424242424
2015,64,Buffalo,West Virginia,6.71875,7.09375,-0.375,-6,5.625
2015,64,Purdue,Cincinnati,5.484848484848484,7.09375,-1.6089015151515156,-1,0.6089015151515156
2015,64,Hampton,Kentucky,-0.8484848484848485,20.941176470588236,-21.789661319073083,-23,1.2103386809269168
2016,2,North Carolina,Villanova,12.705882352941176,13.264705882352942,-0.5588235294117663,-3,2.4411764705882337
2016,4,Syracuse,North Carolina,4.5,12.705882352941176,-8.205882352941176,-17,8.794117647058824
2016,4,Oklahoma,Villanova,9.96875,13.264705882352942,-3.295955882352942,-44,40.70404411764706
2016,8,Syracuse,Virginia,4.5,10.696969696969697,-6.196969696969697,6,12.196969696969697
2016,8,Notre Dame,North Carolina,5.125,12.705882352941176,-7.580882352941176,-14,6.419117647058824
2016,8,Oklahoma,Oregon,9.96875,9.151515151515152,0.8172348484848477,12,11.182765151515152
2016,8,Villanova,Kansas,13.264705882352942,12.696969696969697,0.5677361853832448,5,4.432263814616755
2016,16,Syracuse,Gonzaga,4.5,12.75,-8.25,3,11.25
2016,16,Wisconsin,Notre Dame,4.3125,5.125,-0.8125,-5,4.1875
2016,16,Indiana,North Carolina,13.375,12.705882352941176,0.6691176470588243,-15,15.669117647058824
2016,16,Oklahoma,Texas A&M,9.96875,10.382352941176471,-0.413602941176471,14,14.413602941176471
2016,16,Duke,Oregon,9.393939393939394,9.151515151515152,0.2424242424242422,-14,14.242424242424242
2016,16,Villanova,Miami FL,13.264705882352942,8.8125,4.452205882352942,23,18.547794117647058
2016,16,Maryland,Kansas,9.125,12.696969696969697,-3.5719696969696972,-16,12.428030303030303
2016,32,Utah,Gonzaga,7.484848484848484,12.75,-5.265151515151516,-23,17.734848484848484
2016,32,Butler,Virginia,9.419354838709678,10.696969696969697,-1.2776148582600193,-8,6.722385141739981
2016,32,Xavier,Wisconsin,10.3125,4.3125,6.0,-3,9.0
2016,32,Kentucky,Indiana,11.411764705882353,13.375,-1.9632352941176467,-6,4.036764705882353
2016,32,Providence,North Carolina,4.242424242424242,12.705882352941176,-8.463458110516934,-19,10.536541889483066
2016,32,Oklahoma,VCU,9.96875,9.911764705882353,0.056985294117646745,4,3.9430147058823533
2016,32,Texas A&M,Northern Iowa,10.382352941176471,4.636363636363637,5.745989304812834,4,1.7459893048128343
2016,32,Duke,Yale,9.393939393939394,10.962962962962964,-1.5690235690235692,7,8.56902356902357
2016,32,Villanova,Iowa,13.264705882352942,9.387096774193548,3.877609108159394,19,15.122390891840606
2016,32,Hawaii,Maryland,10.8,9.125,1.6750000000000007,-13,14.675
2016,32,Connecticut,Kansas,10.323529411764707,12.696969696969697,-2.3734402852049907,-12,9.62655971479501
2016,64,Syracuse,Dayton,4.5,7.375,-2.875,19,21.875
2016,64,Gonzaga,Seton Hall,12.75,7.0606060606060606,5.6893939393939394,16,10.31060606060606
2016,64,Butler,Texas Tech,9.419354838709678,2.5483870967741935,6.870967741935484,10,3.129032258064516
2016,64,Hampton,Virginia,0.9,10.696969696969697,-9.796969696969697,-36,26.203030303030303
2016,64,Pittsburgh,Wisconsin,7.064516129032258,4.3125,2.752016129032258,-4,6.752016129032258
2016,64,Michigan,Notre Dame,6.242424242424242,5.125,1.1174242424242422,-7,8.117424242424242
2016,64,Stony Brook,Kentucky,10.266666666666667,11.411764705882353,-1.1450980392156858,-28,26.854901960784314
2016,64,Chattanooga,Indiana,7.6875,13.375,-5.6875,-25,19.3125
2016,64,Providence,USC,4.242424242424242,6.090909090909091,-1.8484848484848486,1,2.8484848484848486
2016,64,Northern Iowa,Texas,4.636363636363637,3.28125,1.3551136363636367,3,1.6448863636363633
2016,64,UNC Wilmington,Duke,6.366666666666666,9.393939393939394,-3.0272727272727282,-8,4.972727272727272
2016,64,Yale,Baylor,10.962962962962964,6.6875,4.275462962962964,4,0.2754629629629637
2016,64,Holy Cross,Oregon,-4.333333333333333,9.151515151515152,-13.484848484848484,-39,25.515151515151516
2016,64,UNC Asheville,Villanova,5.451612903225806,13.264705882352942,-7.813092979127136,-30,22.186907020872866
2016,64,Temple,Iowa,1.21875,9.387096774193548,-8.168346774193548,-2,6.168346774193548
2016,64,Buffalo,Miami FL,0.6666666666666666,8.8125,-8.145833333333334,-7,1.145833333333334
2016,64,Hawaii,California,10.8,8.090909090909092,2.709090909090909,11,8.290909090909091
2016,64,Connecticut,Colorado,10.323529411764707,4.75,5.5735294117647065,7,1.4264705882352935
2016,64,Austin Peay,Kansas,-2.3636363636363638,12.696969696969697,-15.06060606060606,-26,10.93939393939394
2017,2,North Carolina,Gonzaga,13.424242424242424,23.424242424242426,-10.000000000000002,6,16.0
2017,4,North Carolina,Oregon,13.424242424242424,13.303030303030303,0.1212121212121211,1,0.8787878787878789
2017,4,Gonzaga,South Carolina,23.424242424242426,6.935483870967742,16.488758553274685,4,12.488758553274685
2017,8,Kentucky,North Carolina,14.352941176470589,13.424242424242424,0.9286987522281649,-2,2.928698752228165
2017,8,Oregon,Kansas,13.303030303030303,10.34375,2.9592803030303028,14,11.040719696969697
2017,8,Xavier,Gonzaga,3.264705882352941,23.424242424242426,-20.159536541889484,-24,3.8404634581105164
2017,8,South Carolina,Florida,6.935483870967742,11.71875,-4.783266129032258,7,11.783266129032258
2017,16,Kentucky,UCLA,14.352941176470589,15.030303030303031,-0.6773618538324424,11,11.677361853832442
2017,16,Butler,North Carolina,7.903225806451613,13.424242424242424,-5.521016617790811,-12,6.478983382209189
2017,16,Michigan,Oregon,9.257142857142858,13.303030303030303,-4.045887445887445,-1,3.0458874458874448
2017,16,Purdue,Kansas,12.96875,10.34375,2.625,-32,34.625
2017,16,Arizona,Xavier,10.823529411764707,3.264705882352941,7.558823529411765,-2,9.558823529411764
2017,16,West Virginia,Gonzaga,15.647058823529411,23.424242424242426,-7.777183600713014,-3,4.777183600713014
2017,16,South Carolina,Baylor,6.935483870967742,8.580645161290322,-1.64516129032258,20,21.64516129032258
2017,16,Florida,Wisconsin,11.71875,10.529411764705882,1.1893382352941178,1,0.18933823529411775
2017,32,UCLA,Cincinnati,15.030303030303031,13.647058823529411,1.38324420677362,12,10.61675579322638
2017,32,Arkansas,North Carolina,5.794117647058823,13.424242424242424,-7.6301247771836005,-7,0.6301247771836005
2017,32,Louisville,Michigan,11.6875,9.257142857142858,2.430357142857142,-4,6.430357142857142
2017,32,Oregon,Rhode Island,13.303030303030303,8.484848484848484,4.818181818181818,3,1.8181818181818183
2017,32,West Virginia,Notre Dame,15.647058823529411,8.794117647058824,6.852941176470587,12,5.147058823529413
2017,32,Northwestern,Gonzaga,6.029411764705882,23.424242424242426,-17.394830659536545,-6,11.394830659536545
2017,32,Duke,South Carolina,10.82857142857143,6.935483870967742,3.893087557603687,-7,10.893087557603687
2017,32,Baylor,USC,8.580645161290322,5.515151515151516,3.0654936461388065,4,0.9345063538611935
2017,32,Florida,Virginia,11.71875,10.96875,0.75,26,25.25
2017,32,Wisconsin,Villanova,10.529411764705882,14.882352941176471,-4.352941176470589,3,7.352941176470589
2017,64,Winthrop,Butler,8.1,7.903225806451613,0.19677419354838666,-12,12.196774193548386
2017,64,Seton Hall,Arkansas,3.125,5.794117647058823,-2.6691176470588234,-6,3.3308823529411766
2017,64,Iona,Oregon,4.117647058823529,13.303030303030303,-9.185383244206774,-16,6.814616755793226
2017,64,Rhode Island,Creighton,8.484848484848484,8.93939393939394,-0.45454545454545503,12,12.454545454545455
2017,64,Vermont,Purdue,10.545454545454545,12.96875,-2.423295454545455,-10,7.576704545454545
2017,64,UC Davis,Kansas,0.5,10.34375,-9.84375,-38,28.15625
2017,64,North Dakota,Arizona,4.392857142857143,10.823529411764707,-6.430672268907563,-18,11.569327731092436
2017,64,Xavier,Maryland,3.264705882352941,5.0,-1.7352941176470589,11,12.735294117647058
2017,64,Bucknell,West Virginia,8.794117647058824,15.647058823529411,-6.852941176470587,-6,0.852941176470587
2017,64,Princeton,Notre Dame,8.785714285714286,8.794117647058824,-0.008403361344537785,-2,1.9915966386554622
2017,64,Vanderbilt,Northwestern,3.1176470588235294,6.029411764705882,-2.911764705882353,-2,0.9117647058823528
2017,64,Troy,Duke,3.6176470588235294,10.82857142857143,-7.2109243697479,-22,14.7890756302521
2017,64,Marquette,South Carolina,7.516129032258065,6.935483870967742,0.580645161290323,-20,20.580645161290324
2017,64,USC,SMU,5.515151515151516,14.705882352941176,-9.19073083778966,1,10.19073083778966
2017,64,UNC Wilmington,Virginia,9.03125,10.96875,-1.9375,-5,3.0625
2017,64,Virginia Tech,Wisconsin,4.84375,10.529411764705882,-5.685661764705882,-10,4.314338235294118
2018,2,Villanova,Michigan,16.176470588235293,10.117647058823529,6.0588235294117645,17,10.941176470588236
2018,4,Kansas,Villanova,10.558823529411764,16.176470588235293,-5.617647058823529,-16,10.382352941176471
2018,8,Duke,Kansas,15.090909090909092,10.558823529411764,4.532085561497327,-4,8.532085561497327
2018,8,Texas Tech,Villanova,10.545454545454545,16.176470588235293,-5.6310160427807485,-12,6.3689839572192515
2018,16,Duke,Syracuse,15.090909090909092,3.0,12.090909090909092,4,8.090909090909092
2018,16,Clemson,Kansas,7.46875,10.558823529411764,-3.0900735294117645,-4,0.9099264705882355
2018,16,Purdue,Texas Tech,15.5,10.545454545454545,4.954545454545455,-13,17.954545454545453
2018,16,West Virginia,Villanova,10.617647058823529,16.176470588235293,-5.5588235294117645,-12,6.4411764705882355
2018,16,Texas A&M,Michigan,5.1875,10.117647058823529,-4.930147058823529,-27,22.06985294117647
2018,32,Duke,Rhode Island,15.090909090909092,8.28125,6.809659090909092,25,18.190340909090907
2018,32,Auburn,Clemson,10.0625,7.46875,2.59375,-31,33.59375
2018,32,Seton Hall,Kansas,5.6875,10.558823529411764,-4.8713235294117645,-4,0.8713235294117645
2018,32,Purdue,Butler,15.5,6.333333333333333,9.166666666666668,3,6.166666666666668
2018,32,Texas Tech,Florida,10.545454545454545,6.625,3.920454545454545,3,0.920454545454545
2018,32,Marshall,West Virginia,4.515151515151516,10.617647058823529,-6.102495543672013,-23,16.897504456327987
2018,32,Alabama,Villanova,2.3823529411764706,16.176470588235293,-13.794117647058822,-23,9.205882352941178
2018,32,North Carolina,Texas A&M,8.857142857142858,5.1875,3.6696428571428577,-21,24.669642857142858
2018,32,Michigan,Houston,10.117647058823529,12.515151515151516,-2.3975044563279866,1,3.3975044563279866
2018,32,Cincinnati,Nevada,17.323529411764707,10.205882352941176,7.117647058823531,-2,9.11764705882353
2018,32,Buffalo,Kentucky,8.181818181818182,6.4411764705882355,1.7406417112299462,-20,21.740641711229948
2018,64,Iona,Duke,3.696969696969697,15.090909090909092,-11.393939393939394,-22,10.606060606060606
2018,64,Oklahoma,Rhode Island,3.5161290322580645,8.28125,-4.765120967741936,-5,0.23487903225806406
2018,64,Syracuse,TCU,3.0,7.0625,-4.0625,5,9.0625
2018,64,Penn,Kansas,6.096774193548387,10.558823529411764,-4.4620493358633775,-16,11.537950664136623
2018,64,Butler,Arkansas,6.333333333333333,5.5588235294117645,0.7745098039215685,17,16.225490196078432
2018,64,Alabama,Virginia Tech,2.3823529411764706,7.96875,-5.586397058823529,3,8.586397058823529
2018,64,Radford,Villanova,2.0625,16.176470588235293,-14.113970588235293,-26,11.886029411764707
2018,64,Lipscomb,North Carolina,2.3793103448275863,8.857142857142858,-6.477832512315271,-18,11.52216748768473
2018,64,Providence,Texas A&M,1.0294117647058822,5.1875,-4.158088235294118,-4,0.15808823529411775
2018,64,Montana,Michigan,9.258064516129032,10.117647058823529,-0.859582542694497,-14,13.140417457305503
2018,64,UNC Greensboro,Gonzaga,8.806451612903226,17.38235294117647,-8.575901328273245,-4,4.575901328273245
2018,64,Texas,Nevada,3.515151515151515,10.205882352941176,-6.69073083778966,-4,2.69073083778966
2018,64,Buffalo,Arizona,8.181818181818182,9.705882352941176,-1.524064171122994,21,22.524064171122994
2018,64,Davidson,Kentucky,8.875,6.4411764705882355,2.4338235294117645,-5,7.4338235294117645
2018,64,UMBC,Virginia,1.5161290322580645,14.151515151515152,-12.635386119257088,20,32.63538611925709
2019,8,Kentucky,Auburn,11.303030303030303,10.294117647058824,1.0089126559714785,-6,7.0089126559714785
2019,8,Texas Tech,Gonzaga,13.8125,23.78787878787879,-9.975378787878789,6,15.975378787878789
2019,16,Kentucky,Houston,11.303030303030303,14.382352941176471,-3.0793226381461682,4,7.079322638146168
2019,16,Auburn,North Carolina,10.294117647058824,13.121212121212121,-2.827094474153297,17,19.8270944741533
2019,16,Tennessee,Purdue,12.181818181818182,9.375,2.8068181818181817,-5,7.806818181818182
2019,16,Michigan,Texas Tech,11.823529411764707,13.8125,-1.9889705882352935,-19,17.011029411764707
2019,16,Virginia Tech,Duke,11.90625,15.941176470588236,-4.0349264705882355,-2,2.0349264705882355
2019,32,Kentucky,Wofford,11.303030303030303,13.666666666666666,-2.3636363636363633,6,8.363636363636363
2019,32,Kansas,Auburn,5.294117647058823,10.294117647058824,-5.000000000000001,-14,9.0
2019,32,Washington,North Carolina,5.4411764705882355,13.121212121212121,-7.680035650623886,-22,14.319964349376114
2019,32,Tennessee,Iowa,12.181818181818182,4.666666666666667,7.515151515151515,6,1.5151515151515147
2019,32,Purdue,Villanova,9.375,7.382352941176471,1.992647058823529,26,24.00735294117647
2019,32,UC Irvine,Oregon,8.852941176470589,7.542857142857143,1.310084033613446,-19,20.310084033613446
2019,32,Michigan,Florida,11.823529411764707,4.617647058823529,7.2058823529411775,15,7.7941176470588225
2019,32,Texas Tech,Buffalo,13.8125,13.818181818181818,-0.005681818181818343,20,20.00568181818182
2019,32,Baylor,Gonzaga,4.46875,23.78787878787879,-19.31912878787879,-12,7.319128787878789
2019,32,LSU,Maryland,8.34375,6.28125,2.0625,2,0.0625
2019,32,Virginia Tech,Liberty,11.90625,9.903225806451612,2.003024193548388,9,6.996975806451612
2019,32,UCF,Duke,7.838709677419355,15.941176470588236,-8.10246679316888,-1,7.10246679316888
2019,64,Seton Hall,Wofford,2.4545454545454546,13.666666666666666,-11.212121212121211,-16,4.787878787878789
2019,64,Northeastern,Kansas,5.818181818181818,5.294117647058823,0.524064171122995,-35,35.524064171122994
2019,64,Iona,North Carolina,1.21875,13.121212121212121,-11.902462121212121,-15,3.097537878787879
2019,64,Colgate,Tennessee,5.424242424242424,12.181818181818182,-6.757575757575758,-7,0.2424242424242422
2019,64,Iowa,Cincinnati,4.666666666666667,9.5,-4.833333333333333,7,11.833333333333332
2019,64,Old Dominion,Purdue,5.323529411764706,9.375,-4.051470588235294,-13,8.948529411764707
2019,64,Oregon,Wisconsin,7.542857142857143,7.636363636363637,-0.09350649350649398,18,18.093506493506496
2019,64,Oklahoma,Mississippi,2.9375,5.03125,-2.09375,23,25.09375
2019,64,Gardner Webb,Virginia,2.3548387096774195,16.78125,-14.42641129032258,-15,0.5735887096774199
2019,64,Montana,Michigan,7.34375,11.823529411764707,-4.4797794117647065,-19,14.520220588235293
2019,64,Florida,Nevada,4.617647058823529,14.0,-9.382352941176471,9,18.38235294117647
2019,64,Baylor,Syracuse,4.46875,4.03030303030303,0.4384469696969697,9,8.561553030303031
2019,64,Minnesota,Louisville,1.6176470588235294,6.7272727272727275,-5.109625668449198,10,15.109625668449198
2019,64,Yale,LSU,7.178571428571429,8.34375,-1.1651785714285712,-5,3.834821428571429
2019,64,Belmont,Maryland,12.2,6.28125,5.918749999999999,-2,7.918749999999999
2019,64,UCF,VCU,7.838709677419355,9.84375,-2.005040322580645,15,17.005040322580644
2021,2,Baylor,Gonzaga,17.958333333333332,23.0,-5.041666666666668,16,21.041666666666668
2021,4,Houston,Baylor,18.0,17.958333333333332,0.04166666666666785,-19,19.041666666666668
2021,4,UCLA,Gonzaga,4.346153846153846,23.0,-18.653846153846153,-3,15.653846153846153
2021,8,Arkansas,Baylor,11.714285714285714,17.958333333333332,-6.244047619047619,-9,2.7559523809523814
2021,8,UCLA,Michigan,4.346153846153846,10.875,-6.528846153846154,2,8.528846153846153
2021,8,USC,Gonzaga,9.655172413793103,23.0,-13.344827586206897,-19,5.655172413793103
2021,16,Houston,Syracuse,18.0,5.12,12.879999999999999,16,3.120000000000001
2021,16,Oral Roberts,Arkansas,1.826086956521739,11.714285714285714,-9.888198757763975,-2,7.888198757763975
2021,16,Villanova,Baylor,8.409090909090908,17.958333333333332,-9.549242424242424,-11,1.4507575757575761
2021,16,Alabama,UCLA,9.8,4.346153846153846,5.453846153846155,-10,15.453846153846154
2021,16,Oregon,USC,6.961538461538462,9.655172413793103,-2.6936339522546415,-14,11.306366047745358
2021,16,Creighton,Gonzaga,8.678571428571429,23.0,-14.321428571428571,-18,3.678571428571429
2021,32,Houston,Rutgers,18.0,1.7307692307692308,16.26923076923077,3,13.26923076923077
2021,32,West Virginia,Syracuse,5.185185185185185,5.12,0.06518518518518501,-3,3.065185185185185
2021,32,Oral Roberts,Florida,1.826086956521739,4.130434782608695,-2.304347826086956,3,5.304347826086956
2021,32,Arkansas,Texas Tech,11.714285714285714,9.62962962962963,2.0846560846560838,2,0.08465608465608376
2021,32,North Texas,Villanova,7.64,8.409090909090908,-0.7690909090909086,-23,22.23090909090909
2021,32,Wisconsin,Baylor,5.310344827586207,17.958333333333332,-12.647988505747126,-13,0.35201149425287426
2021,32,Alabama,Maryland,9.8,2.4642857142857144,7.335714285714286,19,11.664285714285715
2021,32,LSU,Michigan,6.777777777777778,10.875,-4.097222222222222,-8,3.9027777777777777
2021,32,Iowa,Oregon,11.827586206896552,6.961538461538462,4.86604774535809,-15,19.866047745358088
2021,32,Kansas,USC,6.333333333333333,9.655172413793103,-3.32183908045977,-34,30.67816091954023
2021,32,Ohio,Creighton,7.045454545454546,8.678571428571429,-1.633116883116883,-14,12.366883116883116
2021,32,Oklahoma,Gonzaga,5.52,23.0,-17.48,-16,1.4800000000000004
2021,64,Rutgers,Clemson,1.7307692307692308,3.3043478260869565,-1.5735785953177257,4,5.573578595317725
2021,64,Drexel,Illinois,4.631578947368421,12.172413793103448,-7.540834845735027,-29,21.459165154264973
2021,64,Virginia Tech,Florida,6.619047619047619,4.130434782608695,2.4886128364389233,-5,7.488612836438923
2021,64,Colgate,Arkansas,17.733333333333334,11.714285714285714,6.019047619047621,-17,23.01904761904762
2021,64,North Texas,Purdue,7.64,4.814814814814815,2.825185185185185,9,6.174814814814815
2021,64,Winthrop,Villanova,12.75,8.409090909090908,4.340909090909092,-10,14.340909090909092
2021,64,Wisconsin,North Carolina,5.310344827586207,6.285714285714286,-0.9753694581280783,23,23.97536945812808
2021,64,Hartford,Baylor,2.608695652173913,17.958333333333332,-15.349637681159418,-24,8.650362318840582
2021,64,Iona,Alabama,6.294117647058823,9.8,-3.5058823529411773,-13,9.494117647058822
2021,64,Maryland,Connecticut,2.4642857142857144,7.909090909090909,-5.444805194805195,9,14.444805194805195
2021,64,UCLA,BYU,4.346153846153846,8.72,-4.373846153846155,11,15.373846153846156
2021,64,Georgetown,Colorado,0.68,9.766666666666667,-9.086666666666668,-23,13.913333333333332
2021,64,Grand Canyon,Iowa,9.6,11.827586206896552,-2.227586206896552,-12,9.772413793103448
2021,64,Drake,USC,11.185185185185185,9.655172413793103,1.530012771392082,-16,17.53001277139208
2021,64,Ohio,Virginia,7.045454545454546,8.166666666666666,-1.1212121212121202,4,5.12121212121212
2021,64,UC Santa Barbara,Creighton,10.333333333333334,8.678571428571429,1.654761904761905,-1,2.654761904761905
2021,64,Missouri,Oklahoma,1.72,5.52,-3.8,-4,0.20000000000000018
2022,2,Kansas,North Carolina,10.441176470588236,5.787878787878788,4.653297682709447,3,1.6532976827094474
2022,4,Kansas,Villanova,10.441176470588236,9.545454545454545,0.8957219251336905,16,15.10427807486631
2022,4,North Carolina,Duke,5.787878787878788,13.029411764705882,-7.241532976827094,4,11.241532976827095
2022,8,Miami FL,Kansas,3.787878787878788,10.441176470588236,-6.653297682709447,-26,19.346702317290553
2022,8,Villanova,Houston,9.545454545454545,16.941176470588236,-7.3957219251336905,6,13.39572192513369
2022,8,Duke,Arkansas,13.029411764705882,8.393939393939394,4.635472370766488,9,4.364527629233512
2022,16,Providence,Kansas,4.8,10.441176470588236,-5.641176470588236,-5,0.6411764705882357
2022,16,Villanova,Michigan,9.545454545454545,3.161290322580645,6.3841642228739,8,1.6158357771261
2022,16,Houston,Arizona,16.941176470588236,17.029411764705884,-0.08823529411764852,12,12.088235294117649
2022,16,UCLA,North Carolina,11.5625,5.787878787878788,5.774621212121212,-7,12.774621212121211
2022,16,Duke,Texas Tech,13.029411764705882,11.382352941176471,1.6470588235294112,5,3.3529411764705888
2022,16,Arkansas,Gonzaga,8.393939393939394,22.482758620689655,-14.08881922675026,6,20.08881922675026
2022,32,Auburn,Miami FL,11.6875,3.787878787878788,7.899621212121212,-18,25.89962121212121
2022,32,Providence,Richmond,4.8,3.4285714285714284,1.3714285714285714,28,26.62857142857143
2022,32,Creighton,Kansas,3.090909090909091,10.441176470588236,-7.350267379679145,-7,0.3502673796791447
2022,32,Tennessee,Michigan,10.424242424242424,3.161290322580645,7.262952101661779,-8,15.262952101661778
2022,32,Illinois,Houston,8.129032258064516,16.941176470588236,-8.81214421252372,-15,6.1878557874762805
2022,32,TCU,Arizona,3.09375,17.029411764705884,-13.935661764705884,-5,8.935661764705884
2022,32,Purdue,Texas,11.029411764705882,8.71875,2.3106617647058822,10,7.689338235294118
2022,32,North Carolina,Baylor,5.787878787878788,12.875,-7.087121212121212,7,14.087121212121211
2022,32,Texas Tech,Notre Dame,11.382352941176471,5.0,6.382352941176471,6,0.382352941176471
2022,32,Memphis,Gonzaga,7.032258064516129,22.482758620689655,-15.450500556173527,-4,11.450500556173527
2022,64,Miami FL,USC,3.787878787878788,6.666666666666667,-2.878787878787879,2,4.878787878787879
2022,64,Colgate,Wisconsin,7.787878787878788,4.161290322580645,3.626588465298143,-7,10.626588465298143
2022,64,Richmond,Iowa,3.4285714285714284,12.485714285714286,-9.057142857142857,4,13.057142857142857
2022,64,Delaware,Villanova,2.8181818181818183,9.545454545454545,-6.727272727272727,-20,13.272727272727273
2022,64,Longwood,Tennessee,7.178571428571429,10.424242424242424,-3.245670995670995,-32,28.754329004329005
2022,64,Chattanooga,Illinois,7.3125,8.129032258064516,-0.816532258064516,-1,0.18346774193548399
2022,64,UAB,Houston,11.8125,16.941176470588236,-5.1286764705882355,-14,8.871323529411764
2022,64,TCU,Seton Hall,3.09375,5.266666666666667,-2.1729166666666666,27,29.172916666666666
2022,64,Yale,Purdue,2.0344827586206895,11.029411764705882,-8.994929006085194,-22,13.005070993914806
2022,64,Virginia Tech,Texas,8.457142857142857,8.71875,-0.2616071428571427,-8,7.738392857142857
2022,64,Akron,UCLA,5.129032258064516,11.5625,-6.433467741935484,-4,2.433467741935484
2022,64,Marquette,North Carolina,3.5161290322580645,5.787878787878788,-2.2717497556207236,-32,29.728250244379275
2022,64,Notre Dame,Alabama,5.0,3.5625,1.4375,14,12.5625
2022,64,Vermont,Arkansas,14.0625,8.393939393939394,5.6685606060606055,-4,9.668560606060606
2023,4,Connecticut,Miami FL,13.424242424242424,7.28125,6.142992424242424,13,6.857007575757576
2023,8,Gonzaga,Connecticut,12.625,13.424242424242424,-0.7992424242424239,-28,27.200757575757578
2023,16,UCLA,Gonzaga,13.617647058823529,12.625,0.992647058823529,-3,3.992647058823529
2023,16,Connecticut,Arkansas,13.424242424242424,7.03030303030303,6.393939393939394,23,16.606060606060606
2023,16,Miami FL,Houston,7.28125,18.529411764705884,-11.248161764705884,14,25.248161764705884
2023,16,Princeton,Creighton,6.074074074074074,8.151515151515152,-2.077441077441078,-11,8.922558922558922
2023,32,UCLA,Northwestern,13.617647058823529,5.1875,8.430147058823529,5,3.430147058823529
2023,32,Gonzaga,TCU,12.625,7.2727272727272725,5.3522727272727275,3,2.3522727272727275
2023,32,Arkansas,Kansas,7.03030303030303,7.0,0.030303030303030276,1,0.9696969696969697
2023,32,Xavier,Pittsburgh,7.352941176470588,5.636363636363637,1.7165775401069512,11,9.28342245989305
2023,32,Indiana,Miami FL,6.575757575757576,7.28125,-0.7054924242424239,-16,15.294507575757576
2023,32,Auburn,Houston,5.65625,18.529411764705884,-12.873161764705884,-17,4.126838235294116
2023,32,Tennessee,Duke,13.757575757575758,8.588235294117647,5.169340463458111,13,7.830659536541889
2023,32,Princeton,Missouri,6.074074074074074,4.909090909090909,1.1649831649831652,15,13.835016835016834
2023,32,Baylor,Creighton,6.90625,8.151515151515152,-1.2452651515151523,-9,7.754734848484848
2023,32,Maryland,Alabama,7.212121212121212,13.676470588235293,-6.464349376114082,-22,15.535650623885918
2023,64,UNC Asheville,UCLA,3.71875,13.617647058823529,-9.898897058823529,-33,23.10110294117647
2023,64,Grand Canyon,Gonzaga,3.625,12.625,-9.0,-12,3.0
2023,64,Iona,Connecticut,11.382352941176471,13.424242424242424,-2.041889483065953,-24,21.95811051693405
2023,64,Illinois,Arkansas,7.6875,7.03030303030303,0.6571969696969697,-10,10.657196969696969
2023,64,Howard,Kansas,1.0,7.0,-6.0,-28,22.0
2023,64,Drake,Miami FL,9.454545454545455,7.28125,2.173295454545455,-7,9.173295454545455
2023,64,Auburn,Iowa,5.65625,5.8125,-0.15625,8,8.15625
2023,64,Vermont,Marquette,5.4375,9.352941176470589,-3.9154411764705888,-17,13.084558823529411
2023,64,Providence,Kentucky,6.78125,7.03125,-0.25,-8,7.75
2023,64,Oral Roberts,Duke,12.533333333333333,8.588235294117647,3.9450980392156865,-23,26.945098039215686
2023,64,Princeton,Arizona,6.074074074074074,11.176470588235293,-5.102396514161219,4,9.102396514161219
2023,64,UC Santa Barbara,Baylor,6.0625,6.90625,-0.84375,-18,17.15625
2023,64,Furman,Virginia,9.0,7.5625,1.4375,1,0.4375
2023,64,West Virginia,Maryland,5.2727272727272725,7.212121212121212,-1.9393939393939394,-2,0.06060606060606055
2024,2,Purdue,Connecticut,13.242424242424242,17.058823529411764,-3.8163992869875223,-15,11.183600713012478
2024,4,Alabama,Connecticut,9.6875,17.058823529411764,-7.3713235294117645,-14,6.6286764705882355
2024,8,Tennessee,Purdue,11.59375,13.242424242424242,-1.6486742424242422,-6,4.351325757575758
2024,8,Clemson,Alabama,6.09375,9.6875,-3.59375,-7,3.40625
2024,8,Illinois,Connecticut,10.617647058823529,17.058823529411764,-6.4411764705882355,-25,18.558823529411764
2024,16,Tennessee,Creighton,11.59375,10.8125,0.78125,7,6.21875
2024,16,Gonzaga,Purdue,14.290322580645162,13.242424242424242,1.0478983382209197,-12,13.04789833822092
2024,16,Duke,Houston,12.40625,16.058823529411764,-3.6525735294117645,3,6.6525735294117645
2024,16,Arizona,Clemson,15.696969696969697,6.09375,9.603219696969697,-5,14.603219696969697
2024,16,Alabama,North Carolina,9.6875,11.235294117647058,-1.547794117647058,2,3.547794117647058
2024,32,Tennessee,Texas,11.59375,6.65625,4.9375,4,0.9375
2024,32,Creighton,Oregon,10.8125,3.4705882352941178,7.341911764705882,13,5.658088235294118
2024,32,Kansas,Gonzaga,5.903225806451613,14.290322580645162,-8.387096774193548,-21,12.612903225806452
2024,32,Marquette,Colorado,8.588235294117647,8.117647058823529,0.47058823529411775,4,3.5294117647058822
2024,32,Duke,James Madison,12.40625,13.484848484848484,-1.0785984848484844,38,39.078598484848484
2024,32,Texas A&M,Houston,3.9705882352941178,16.058823529411764,-12.088235294117647,-5,7.088235294117647
2024,32,Arizona,Dayton,15.696969696969697,8.451612903225806,7.245356793743891,10,2.754643206256109
2024,32,Baylor,Clemson,8.8125,6.09375,2.71875,-8,10.71875
2024,32,Alabama,Grand Canyon,9.6875,11.71875,-2.03125,11,13.03125
2024,32,Illinois,Duquesne,10.617647058823529,3.4705882352941178,7.147058823529411,26,18.852941176470587
2024,32,Northwestern,Connecticut,4.6875,17.058823529411764,-12.371323529411764,-17,4.6286764705882355
2024,64,Akron,Creighton,5.53125,10.8125,-5.28125,-17,11.71875
2024,64,Oregon,South Carolina,3.4705882352941178,5.0606060606060606,-1.5900178253119428,14,15.590017825311943
2024,64,Samford,Kansas,9.96875,5.903225806451613,4.065524193548387,-4,8.065524193548388
2024,64,Colorado,Florida,8.117647058823529,6.6,1.5176470588235293,2,0.48235294117647065
2024,64,Oakland,Kentucky,3.5,9.75,-6.25,4,10.25
2024,64,Vermont,Duke,6.8125,12.40625,-5.59375,-17,11.40625
2024,64,James Madison,Wisconsin,13.484848484848484,5.114285714285714,8.37056277056277,11,2.6294372294372295
2024,64,Texas A&M,Nebraska,3.9705882352941178,7.484848484848484,-3.5142602495543667,15,18.51426024955437
2024,64,Longwood,Houston,4.096774193548387,16.058823529411764,-11.962049335863377,-40,28.037950664136623
2024,64,Nevada,Dayton,8.625,8.451612903225806,0.17338709677419395,-3,3.173387096774194
2024,64,Colgate,Baylor,6.151515151515151,8.8125,-2.6609848484848486,-25,22.339015151515152
2024,64,New Mexico,Clemson,10.558823529411764,6.09375,4.4650735294117645,-21,25.465073529411764
2024,64,Wagner,North Carolina,-1.3448275862068966,11.235294117647058,-12.580121703853955,-28,15.419878296146045
2024,64,Duquesne,BYU,3.4705882352941178,11.93939393939394,-8.468805704099822,4,12.468805704099822
2024,64,Yale,Auburn,5.413793103448276,15.294117647058824,-9.880324543610548,2,11.880324543610548
2024,64,Stetson,Connecticut,-0.6451612903225806,17.058823529411764,-17.703984819734345,-39,21.296015180265655
2025,2,Houston,Florida,15.735294117647058,16.176470588235293,-0.4411764705882355,-2,1.5588235294117645
2025,4,Houston,Duke,15.735294117647058,20.794117647058822,-5.0588235294117645,3,8.058823529411764
2025,4,Florida,Auburn,16.176470588235293,14.242424242424242,1.9340463458110513,6,4.065953654188949
2025,8,Tennessee,Houston,11.705882352941176,15.735294117647058,-4.029411764705882,-19,14.970588235294118
2025,8,Alabama,Duke,9.696969696969697,20.794117647058822,-11.097147950089125,-20,8.902852049910875
2025,8,Texas Tech,Florida,13.333333333333334,16.176470588235293,-2.8431372549019596,-5,2.1568627450980404
2025,16,Tennessee,Kentucky,11.705882352941176,7.424242424242424,4.281639928698752,13,8.718360071301248
2025,16,Purdue,Houston,6.787878787878788,15.735294117647058,-8.947415329768269,-2,6.947415329768269
2025,16,Alabama,BYU,9.696969696969697,10.090909090909092,-0.3939393939393945,25,25.393939393939394
2025,16,Arizona,Duke,9.294117647058824,20.794117647058822,-11.499999999999998,-7,4.499999999999998
2025,16,Arkansas,Texas Tech,5.454545454545454,13.333333333333334,-7.87878787878788,-2,5.87878787878788
2025,16,Maryland,Florida,14.666666666666666,16.176470588235293,-1.5098039215686274,-16,14.490196078431373
2025,16,Michigan,Auburn,7.029411764705882,14.242424242424242,-7.21301247771836,-13,5.78698752228164
2025,32,Tennessee,UCLA,11.705882352941176,9.03125,2.6746323529411757,9,6.325367647058824
2025,32,Kentucky,Illinois,7.424242424242424,9.212121212121213,-1.787878787878789,9,10.787878787878789
2025,32,Gonzaga,Houston,17.0,15.735294117647058,1.264705882352942,-5,6.264705882352942
2025,32,Wisconsin,BYU,9.285714285714286,10.090909090909092,-0.8051948051948052,-2,1.1948051948051948
2025,32,Arizona,Oregon,9.294117647058824,5.2727272727272725,4.021390374331552,4,0.021390374331551776
2025,32,Baylor,Duke,5.84375,20.794117647058822,-14.950367647058822,-23,8.049632352941178
2025,32,Texas Tech,Drake,13.333333333333334,8.96774193548387,4.365591397849464,13,8.634408602150536
2025,32,Connecticut,Florida,9.363636363636363,16.176470588235293,-6.81283422459893,-2,4.81283422459893
2025,32,Texas A&M,Michigan,6.375,7.029411764705882,-0.6544117647058822,-12,11.345588235294118
2025,32,Creighton,Auburn,5.705882352941177,14.242424242424242,-8.536541889483065,-12,3.4634581105169353
2025,64,Wofford,Tennessee,2.75,11.705882352941176,-8.955882352941176,-15,6.044117647058824
2025,64,Troy,Kentucky,6.451612903225806,7.424242424242424,-0.9726295210166178,-19,18.027370478983382
2025,64,Xavier,Illinois,7.15625,9.212121212121213,-2.055871212121213,-13,10.944128787878787
2025,64,High Point,Purdue,11.1875,6.787878787878788,4.399621212121212,-12,16.39962121212121
2025,64,Georgia,Gonzaga,6.25,17.0,-10.75,-21,10.25
2025,64,Robert Morris,Alabama,5.757575757575758,9.696969696969697,-3.9393939393939394,-9,5.0606060606060606
2025,64,Montana,Wisconsin,0.7741935483870968,9.285714285714286,-8.51152073732719,-19,10.48847926267281
2025,64,VCU,BYU,13.818181818181818,10.090909090909092,3.7272727272727266,-9,12.727272727272727
2025,64,Akron,Arizona,8.0625,9.294117647058824,-1.2316176470588243,-28,26.768382352941174
2025,64,Liberty,Oregon,9.612903225806452,5.2727272727272725,4.3401759530791795,-29,33.34017595307918
2025,64,Arkansas,Kansas,5.454545454545454,6.9393939393939394,-1.4848484848484853,7,8.484848484848484
2025,64,UNC Wilmington,Texas Tech,6.8125,13.333333333333334,-6.520833333333334,-10,3.479166666666666
2025,64,Drake,Missouri,8.96774193548387,10.606060606060606,-1.6383186705767354,10,11.638318670576735
2025,64,Grand Canyon,Maryland,8.84375,14.666666666666666,-5.822916666666666,-32,26.177083333333336
2025,64,Oklahoma,Connecticut,4.0,9.363636363636363,-5.363636363636363,-8,2.6363636363636367
2025,64,New Mexico,Marquette,9.1875,8.333333333333334,0.8541666666666661,9,8.145833333333334
2025,64,North Carolina,Mississippi,5.828571428571428,5.454545454545454,0.37402597402597415,-7,7.374025974025974
2025,64,Yale,Texas A&M,10.428571428571429,6.375,4.053571428571429,-9,13.053571428571429
2025,64,UC San Diego,Michigan,15.09375,7.029411764705882,8.064338235294118,-3,11.064338235294118
2025,64,Creighton,Louisville,5.705882352941177,9.676470588235293,-3.970588235294117,14,17.970588235294116
