"YEAR","CURRENT_ROUND","TEAM1","TEAM2","POINT_DIFFERENTIAL","SPLIT","PRED_MARGIN","ABS_ERROR"
2008,134,"Mt St Mary's","Coppin St",9,"train",5.3594236589802,3.6405763410198
2008,136,"Duke","Belmont",1,"train",13.0012263448904,12.0012263448904
2008,136,"Kansas","Portland St",24,"train",18.259325766199,5.74067423380098
2008,136,"USC","Kansas St",-13,"train",3.01930981248912,16.0193098124891
2008,136,"Kentucky","Marquette",-8,"train",-4.23464435069144,3.76535564930856
2008,136,"Temple","Michigan St",-11,"train",-10.2358844538835,0.764115546116532
2008,136,"Notre Dame","George Mason",18,"train",5.7583099884617,12.2416900115383
2008,136,"Oral Roberts","Pittsburgh",-19,"train",-5.11880728934094,13.8811927106591
2008,136,"Baylor","Purdue",-11,"train",-3.47595603088825,7.52404396911175
2008,136,"Stanford","Cornell",24,"train",9.65292325868986,14.3470767413101
2008,136,"BYU","Texas A&M",-5,"train",-1.02058515687737,3.97941484312263
2008,136,"UCLA","MS Valley St",41,"train",20.7866005539025,20.2133994460975
2008,136,"Kent","UNLV",-13,"train",-0.55720175403029,12.4427982459697
2008,136,"Winthrop","Washington St",-31,"train",-11.2155169277106,19.7844830722894
2008,136,"Arizona","West Virginia",-10,"train",-5.21357509689763,4.78642490310237
2008,136,"CS Fullerton","Wisconsin",-15,"train",-10.6194683558438,4.38053164415622
2008,136,"Xavier","Georgia",12,"train",10.6465624949245,1.35343750507545
2008,137,"Arkansas","Indiana",14,"train",-2.09413414844582,16.0941341484458
2008,137,"South Alabama","Butler",-20,"train",-5.69527181456155,14.3047281854385
2008,137,"Davidson","Gonzaga",6,"train",3.33637052555837,2.66362947444163
2008,137,"Georgetown","UMBC",19,"train",8.65618549681849,10.3438145031815
2008,137,"Louisville","Boise St",18,"train",12.7761972592898,5.22380274071022
2008,137,"UT Arlington","Memphis",-24,"train",-20.4322943961585,3.56770560384155
2008,137,"St Mary's CA","Miami FL",-14,"train",-1.85530699400394,12.1446930059961
2008,137,"Mississippi St","Oregon",7,"train",2.5884111515544,4.4115888484456
2008,137,"North Carolina","Mt St Mary's",39,"train",19.8596018652093,19.1403981347907
2008,137,"Oklahoma","St Joseph's PA",8,"train",3.17147434542647,4.82852565457353
2008,137,"San Diego","Connecticut",1,"train",-9.7378369422015,10.7378369422015
2008,137,"Vanderbilt","Siena",-21,"train",3.1374599247143,24.1374599247143
2008,137,"Tennessee","American Univ",15,"train",12.6178091770073,2.38219082299269
2008,137,"Texas","Austin Peay",20,"train",11.4670887269268,8.53291127307324
2008,137,"Clemson","Villanova",-6,"train",5.72899149511631,11.7289914951163
2008,137,"Drake","WKU",-2,"train",4.06532814500827,6.06532814500827
2008,138,"UNLV","Kansas",-19,"train",-12.6216081830412,6.37839181695878
2008,138,"Pittsburgh","Michigan St",-11,"train",0.0523150521808689,11.0523150521809
2008,138,"Stanford","Marquette",1,"train",2.94490612664717,1.94490612664717
2008,138,"UCLA","Texas A&M",2,"train",10.3480080916598,8.34800809165983
2008,138,"Washington St","Notre Dame",20,"train",3.92076841521828,16.0792315847817
2008,138,"West Virginia","Duke",6,"train",-5.21731331079657,11.2173133107966
2008,138,"Kansas St","Wisconsin",-17,"train",-9.23452344449248,7.76547655550752
2008,138,"Purdue","Xavier",-7,"train",-5.86806441391557,1.13193558608443
2008,139,"Davidson","Georgetown",4,"train",-0.571517378998414,4.57151737899841
2008,139,"Oklahoma","Louisville",-30,"train",-6.74887024868261,23.2511297513174
2008,139,"Mississippi St","Memphis",-3,"train",-11.0495094420657,8.0495094420657
2008,139,"Arkansas","North Carolina",-31,"train",-12.2917631768627,18.7082368231373
2008,139,"Butler","Tennessee",-5,"train",0.106849248831455,5.10684924883146
2008,139,"Texas","Miami FL",3,"train",3.59399941217369,0.593999412173692
2008,139,"Siena","Villanova",-12,"train",-3.31018802260159,8.68981197739841
2008,139,"San Diego","WKU",-9,"train",-5.35341081555711,3.64658918444289
2008,143,"Louisville","Tennessee",19,"train",0.320465492638082,18.6795345073619
2008,143,"North Carolina","Washington St",21,"train",8.4701958875697,12.5298041124303
2008,143,"UCLA","WKU",10,"train",10.7996658771271,0.79966587712714
2008,143,"West Virginia","Xavier",-4,"train",-2.64260213578757,1.35739786421243
2008,144,"Davidson","Wisconsin",17,"train",-1.70418482407036,18.7041848240704
2008,144,"Kansas","Villanova",15,"train",13.4623504960775,1.53764950392251
2008,144,"Memphis","Michigan St",18,"train",6.19400868389735,11.8059913161027
2008,144,"Stanford","Texas",-20,"train",0.490183033233916,20.4901830332339
2008,145,"Louisville","North Carolina",-10,"train",-2.98018147520293,7.01981852479707
2008,145,"Xavier","UCLA",-19,"train",-2.6944472429129,16.3055527570871
2008,146,"Davidson","Kansas",-2,"train",-7.35766870334632,5.35766870334632
2008,146,"Texas","Memphis",-18,"train",-5.74297193172646,12.2570280682735
2008,152,"North Carolina","Kansas",-18,"train",3.47911105392695,21.4791110539269
2008,152,"Memphis","UCLA",15,"train",2.60833634922095,12.391663650779
2008,154,"Kansas","Memphis",7,"train",2.50580577486769,4.49419422513231
2009,134,"Morehead St","Alabama St",15,"train",-0.99002285868169,15.9900228586817
2009,136,"Chattanooga","Connecticut",-56,"train",-24.0993407428416,31.9006592571584
2009,136,"Duke","Binghamton",24,"train",11.9729711019353,12.0270288980647
2009,136,"Akron","Gonzaga",-13,"train",-10.1036621811228,2.8963378188772
2009,136,"LSU","Butler",4,"train",-3.0108245423708,7.0108245423708
2009,136,"California","Maryland",-13,"train",1.7081420730503,14.7081420730503
2009,136,"Memphis","CS Northridge",11,"train",11.7278353697267,0.727835369726712
2009,136,"Michigan","Clemson",3,"train",-2.5583000404029,5.5583000404029
2009,136,"North Carolina","Radford",43,"train",21.9408891670606,21.0591108329394
2009,136,"Oklahoma","Morgan St",28,"train",12.3179129776703,15.6820870223297
2009,136,"Northern Iowa","Purdue",-5,"train",-6.12405870421273,1.12405870421273
2009,136,"Texas","Minnesota",14,"train",3.39698759940586,10.6030124005941
2009,136,"BYU","Texas A&M",-13,"train",1.32688710140531,14.3268871014053
2009,136,"VCU","UCLA",-1,"train",-1.90938668145506,0.90938668145506
2009,136,"American Univ","Villanova",-13,"train",-14.6736380179418,1.67363801794183
2009,136,"WKU","Illinois",4,"train",-4.71972322211394,8.71972322211394
2009,136,"Mississippi St","Washington",-13,"train",-8.42014753663994,4.57985246336006
2009,137,"Utah","Arizona",-13,"train",4.63612323053203,17.636123230532
2009,137,"Arizona St","Temple",9,"train",4.99186972687219,4.00813027312781
2009,137,"Wake Forest","Cleveland St",-15,"train",4.11645735272928,19.1164573527293
2009,137,"West Virginia","Dayton",-8,"train",8.45750515860544,16.4575051586054
2009,137,"N Dakota St","Kansas",-10,"train",-7.93219447623313,2.06780552376687
2009,137,"Morehead St","Louisville",-20,"train",-16.9932520650929,3.0067479349071
2009,137,"Marquette","Utah St",1,"train",3.13556164889219,2.13556164889219
2009,137,"Robert Morris","Michigan St",-15,"train",-8.83372470567757,6.16627529432243
2009,137,"Cornell","Missouri",-19,"train",-10.1380857962043,8.86191420379566
2009,137,"Tennessee","Oklahoma St",-2,"train",0.988043608759397,2.9880436087594
2009,137,"Pittsburgh","ETSU",10,"train",11.5346738635893,1.53467386358927
2009,137,"Siena","Ohio St",2,"train",-0.0928356790201095,2.09283567902011
2009,137,"Syracuse","SF Austin",15,"train",13.3838366525815,1.61616334741853
2009,137,"USC","Boston College",17,"train",1.44492908127737,15.5550709187226
2009,137,"Florida St","Wisconsin",-2,"train",3.21984531310109,5.21984531310109
2009,137,"Portland St","Xavier",-18,"train",-9.79213842195647,8.20786157804353
2009,138,"Texas A&M","Connecticut",-26,"train",-9.94390739474187,16.0560926052581
2009,138,"Texas","Duke",-5,"train",-7.24020409690337,2.24020409690337
2009,138,"WKU","Gonzaga",-2,"train",-8.19414108478591,6.19414108478591
2009,138,"Maryland","Memphis",-19,"train",-15.3038657609757,3.69613423902433
2009,138,"LSU","North Carolina",-14,"train",-10.7163755771456,3.28362442285438
2009,138,"Oklahoma","Michigan",10,"train",6.97400943329606,3.02599056670394
2009,138,"Washington","Purdue",-2,"train",0.847989237324695,2.84798923732469
2009,138,"UCLA","Villanova",-20,"train",-0.0356332353619731,19.964366764638
2009,139,"Cleveland St","Arizona",-14,"train",-2.57504246813828,11.4249575318617
2009,139,"Kansas","Dayton",17,"train",10.0468169401028,6.95318305989719
2009,139,"Siena","Louisville",-7,"train",-8.54137052537136,1.54137052537136
2009,139,"Michigan St","USC",5,"train",6.00854825693354,1.00854825693354
2009,139,"Marquette","Missouri",-4,"train",-3.97411488768469,0.0258851123153065
2009,139,"Oklahoma St","Pittsburgh",-8,"train",-9.96150526372346,1.96150526372346
2009,139,"Arizona St","Syracuse",-11,"train",-2.43677194928488,8.56322805071512
2009,139,"Wisconsin","Xavier",-11,"train",-6.3300260738831,4.6699739261169
2009,143,"Connecticut","Purdue",12,"train",6.12834116368285,5.87165883631715
2009,143,"Memphis","Missouri",-11,"train",2.91065852483196,13.910658524832
2009,143,"Xavier","Pittsburgh",-5,"train",-3.26798914954457,1.73201085045543
2009,143,"Duke","Villanova",-23,"train",-1.82724616587974,21.1727538341203
2009,144,"Arizona","Louisville",-39,"train",-14.3109687398181,24.6890312601819
2009,144,"Kansas","Michigan St",-5,"train",3.96201495620276,8.96201495620276
2009,144,"Gonzaga","North Carolina",-21,"train",-3.13265642681408,17.8673435731859
2009,144,"Syracuse","Oklahoma",-13,"train",2.59879301028746,15.5987930102875
2009,145,"Missouri","Connecticut",-7,"train",-2.6303382005116,4.3696617994884
2009,145,"Villanova","Pittsburgh",2,"train",0.639640820145985,1.36035917985401
2009,146,"Michigan St","Louisville",12,"train",-2.28767220517713,14.2876722051771
2009,146,"Oklahoma","North Carolina",-12,"train",-3.62000115985573,8.37999884014427
2009,152,"Michigan St","Connecticut",9,"train",-1.34842740174733,10.3484274017473
2009,152,"North Carolina","Villanova",14,"train",8.02144308667452,5.97855691332548
2009,154,"North Carolina","Michigan St",17,"train",10.8732261347722,6.12677386522779
2010,134,"Winthrop","Ark Pine Bluff",-17,"train",-2.38049374303526,14.6195062569647
2010,136,"Baylor","Sam Houston St",9,"train",11.6472033333571,2.64720333335711
2010,136,"UTEP","Butler",-18,"train",-7.46562054992308,10.5343794500769
2010,136,"BYU","Florida",7,"train",3.87507370174209,3.12492629825791
2010,136,"Kansas","Lehigh",16,"train",17.0465506164696,1.04655061646962
2010,136,"Kansas St","North Texas",20,"train",11.2847378777318,8.71526212226821
2010,136,"ETSU","Kentucky",-29,"train",-19.7959654646298,9.20403453537024
2010,136,"Murray St","Vanderbilt",1,"train",-1.36858492620645,2.36858492620645
2010,136,"Montana","New Mexico",-5,"train",-8.25067931064256,3.25067931064256
2010,136,"UNLV","Northern Iowa",-3,"train",-0.716730446991575,2.28326955300843
2010,136,"Ohio","Georgetown",14,"train",-5.83150341828058,19.8315034182806
2010,136,"Notre Dame","Old Dominion",-1,"train",3.24563979651931,4.24563979651931
2010,136,"Richmond","St Mary's CA",-9,"train",0.067090431027695,9.0670904310277
2010,136,"San Diego St","Tennessee",-3,"train",-2.04041687108834,0.959583128911663
2010,136,"Robert Morris","Villanova",-3,"train",-14.5582060870001,11.5582060870001
2010,136,"Texas","Wake Forest",-1,"train",2.95173430162051,3.95173430162051
2010,136,"Washington","Marquette",2,"train",-2.46706130395435,4.46706130395435
2010,137,"Louisville","California",-15,"train",-0.320441138640069,14.6795588613599
2010,137,"Temple","Cornell",-13,"train",1.07830776987505,14.0783077698751
2010,137,"Ark Pine Bluff","Duke",-29,"train",-20.616631026044,8.38336897395597
2010,137,"Georgia Tech","Oklahoma St",5,"train",-0.151354456506678,5.15135445650668
2010,137,"Florida St","Gonzaga",-7,"train",1.16758267498038,8.16758267498038
2010,137,"Maryland","Houston",12,"train",7.46177168042657,4.53822831957343
2010,137,"New Mexico St","Michigan St",-3,"train",-9.67770769188489,6.67770769188489
2010,137,"Missouri","Clemson",8,"train",-1.74269875670889,9.74269875670889
2010,137,"UC Santa Barbara","Ohio St",-17,"train",-14.0443923075519,2.95560769244815
2010,137,"Pittsburgh","Oakland",23,"train",12.1962440794577,10.8037559205423
2010,137,"Purdue","Siena",8,"train",4.99445880709894,3.00554119290106
2010,137,"Vermont","Syracuse",-23,"train",-16.101695471967,6.89830452803296
2010,137,"Utah St","Texas A&M",-16,"train",-3.01265891895777,12.9873410810422
2010,137,"West Virginia","Morgan St",27,"train",14.1558071568801,12.8441928431199
2010,137,"Wofford","Wisconsin",-4,"train",-6.2759283068924,2.2759283068924
2010,137,"Xavier","Minnesota",11,"train",4.55538644460742,6.44461355539258
2010,138,"Old Dominion","Baylor",-8,"train",-7.22684794021153,0.773152059788471
2010,138,"Murray St","Butler",-2,"train",-4.58823303489211,2.58823303489211
2010,138,"BYU","Kansas St",-12,"train",-3.00892182004868,8.99107817995132
2010,138,"Wake Forest","Kentucky",-30,"train",-14.8252806130203,15.1747193869797
2010,138,"Northern Iowa","Kansas",2,"train",-6.98421008653848,8.98421008653848
2010,138,"Villanova","St Mary's CA",-7,"train",6.05647276775189,13.0564727677519
2010,138,"Tennessee","Ohio",15,"train",5.91283764804922,9.08716235195078
2010,138,"New Mexico","Washington",-18,"train",2.71592504820672,20.7159250482067
2010,139,"Wisconsin","Cornell",-18,"train",8.76384540672433,26.7638454067243
2010,139,"California","Duke",-15,"train",-10.6832285193233,4.31677148067674
2010,139,"Maryland","Michigan St",-2,"train",-0.553184171482886,1.44681582851711
2010,139,"Georgia Tech","Ohio St",-9,"train",-8.08831443338915,0.911685566610851
2010,139,"Texas A&M","Purdue",-2,"train",-2.56706552764202,0.567065527642019
2010,139,"Syracuse","Gonzaga",22,"train",13.6634246373378,8.33657536266217
2010,139,"West Virginia","Missouri",9,"train",7.06026891485092,1.93973108514908
2010,139,"Pittsburgh","Xavier",-3,"train",-0.40593479239057,2.59406520760943
2010,143,"Syracuse","Butler",-4,"train",6.89589538129884,10.8958953812988
2010,143,"Kansas St","Xavier",5,"train",0.48988515135605,4.51011484864395
2010,143,"Cornell","Kentucky",-17,"train",-12.019094011792,4.98090598820796
2010,143,"West Virginia","Washington",13,"train",8.36272052001685,4.63727947998315
2010,144,"Baylor","St Mary's CA",23,"train",5.51939464168806,17.4806053583119
2010,144,"Purdue","Duke",-13,"train",-7.20303947293059,5.79696052706941
2010,144,"Michigan St","Northern Iowa",7,"train",4.07238110121668,2.92761889878332
2010,144,"Ohio St","Tennessee",-3,"train",6.14433538887547,9.14433538887547
2010,145,"Butler","Kansas St",7,"train",0.684311275480552,6.31568872451945
2010,145,"Kentucky","West Virginia",-7,"train",6.3242973204389,13.3242973204389
2010,146,"Duke","Baylor",7,"train",1.95175455548177,5.04824544451823
2010,146,"Michigan St","Tennessee",1,"train",3.32755968542935,2.32755968542935
2010,152,"Butler","Michigan St",2,"train",4.57919017828858,2.57919017828858
2010,152,"Duke","West Virginia",21,"train",4.82093814708526,16.1790618529147
2010,154,"Duke","Butler",2,"train",2.98216703170844,0.982167031708437
2011,134,"UAB","Clemson",-18,"train",-3.04114482554176,14.9588551744582
2011,134,"UNC Asheville","Ark Little Rock",4,"train",1.44730762253288,2.55269237746712
2011,135,"Alabama St","UT San Antonio",-9,"train",-1.61881891480525,7.38118108519475
2011,135,"VCU","USC",13,"train",2.51742276150482,10.4825772384952
2011,136,"Old Dominion","Butler",-2,"train",-2.82284421778429,0.822844217784293
2011,136,"Wofford","BYU",-8,"train",-8.98493068890375,0.984930688903745
2011,136,"Cincinnati","Missouri",15,"train",3.94195805320218,11.0580419467978
2011,136,"Bucknell","Connecticut",-29,"train",-9.70347771239138,19.2965222876086
2011,136,"Florida","UC Santa Barbara",28,"train",14.6751771455183,13.3248228544817
2011,136,"Gonzaga","St John's",15,"train",0.838553545690272,14.1614464543097
2011,136,"Utah St","Kansas St",-5,"train",-3.20318158694384,1.79681841305616
2011,136,"Kentucky","Princeton",2,"train",12.0026255483825,10.0026255483825
2011,136,"Morehead St","Louisville",1,"train",-8.92285991464315,9.92285991464315
2011,136,"Pittsburgh","UNC Asheville",23,"train",13.9774913847976,9.02250861520245
2011,136,"Richmond","Vanderbilt",3,"train",-3.77607262789472,6.77607262789472
2011,136,"San Diego St","N Colorado",18,"train",10.9614275288473,7.03857247115268
2011,136,"Penn St","Temple",-2,"train",-5.8856191182976,3.8856191182976
2011,136,"Michigan St","UCLA",-2,"train",-1.76227600658934,0.237723993410658
2011,136,"Clemson","West Virginia",-8,"train",-2.32502884017291,5.67497115982709
2011,136,"Wisconsin","Belmont",14,"train",6.34286677195482,7.65713322804518
2011,137,"Arizona","Memphis",2,"train",5.46215109995243,3.46215109995243
2011,137,"Hampton","Duke",-42,"train",-17.7649173390569,24.2350826609431
2011,137,"Texas A&M","Florida St",-7,"train",0.777425273544416,7.77742527354442
2011,137,"Villanova","George Mason",-4,"train",1.75419510678757,5.75419510678757
2011,137,"Illinois","UNLV",11,"train",0.184748578681048,10.815251421319
2011,137,"Kansas","Boston Univ",19,"train",15.7117290565388,3.28827094346124
2011,137,"Xavier","Marquette",-11,"train",4.45985079740464,15.4598507974046
2011,137,"Michigan","Tennessee",30,"train",3.55560412650137,26.4443958734986
2011,137,"North Carolina","LIU Brooklyn",15,"train",14.9357524478598,0.064247552140154
2011,137,"Akron","Notre Dame",-13,"train",-10.5820498227712,2.4179501772288
2011,137,"UT San Antonio","Ohio St",-29,"train",-20.6197884145635,8.38021158543648
2011,137,"St Peter's","Purdue",-22,"train",-10.4884128578778,11.5115871421222
2011,137,"Syracuse","Indiana St",17,"train",16.4184586890587,0.581541310941276
2011,137,"Oakland","Texas",-4,"train",-8.93865839389188,4.93865839389188
2011,137,"Georgetown","VCU",-18,"train",1.05975434933427,19.0597543493343
2011,137,"Georgia","Washington",-3,"train",-5.59853562974048,2.59853562974048
2011,138,"Pittsburgh","Butler",-1,"train",6.12381961214502,7.12381961214502
2011,138,"BYU","Gonzaga",22,"train",4.88361884610733,17.1163811538927
2011,138,"Connecticut","Cincinnati",11,"train",5.6817809733852,5.31821902661481
2011,138,"Florida","UCLA",8,"train",8.58319475765377,0.583194757653773
2011,138,"West Virginia","Kentucky",-8,"train",-3.09757250565376,4.90242749434624
2011,138,"Morehead St","Richmond",-17,"train",-0.306096408371774,16.6939035916282
2011,138,"Temple","San Diego St",-7,"train",-5.38697859512856,1.61302140487144
2011,138,"Kansas St","Wisconsin",-5,"train",-4.04070618300411,0.959293816995889
2011,139,"Texas","Arizona",-1,"train",1.92944549001529,2.92944549001529
2011,139,"Duke","Michigan",2,"train",7.11248830570918,5.11248830570918
2011,139,"Notre Dame","Florida St",-14,"train",4.62107081664022,18.6210708166402
2011,139,"Kansas","Illinois",14,"train",9.89181495425406,4.10818504574594
2011,139,"Marquette","Syracuse",4,"train",-9.43137629024409,13.4313762902441
2011,139,"Washington","North Carolina",-3,"train",-1.33587067748121,1.66412932251879
2011,139,"George Mason","Ohio St",-32,"train",-9.52702808452998,22.47297191547
2011,139,"Purdue","VCU",-18,"train",5.61784170721597,23.617841707216
2011,143,"Duke","Arizona",-16,"train",4.44302754556813,20.4430275455681
2011,143,"Butler","Wisconsin",7,"train",-1.81087469930327,8.81087469930327
2011,143,"Connecticut","San Diego St",7,"train",3.18811968558688,3.81188031441312
2011,143,"BYU","Florida",-9,"train",-2.10516601137592,6.89483398862408
2011,144,"Kansas","Richmond",20,"train",11.6297215057358,8.37027849426424
2011,144,"Ohio St","Kentucky",-2,"train",3.19001613205569,5.19001613205569
2011,144,"North Carolina","Marquette",18,"train",11.6134402770201,6.38655972297994
2011,144,"VCU","Florida St",1,"train",0.00772378238383705,0.992276217616163
2011,145,"Florida","Butler",-3,"train",6.61390909253113,9.61390909253113
2011,145,"Arizona","Connecticut",-2,"train",-3.16000813964592,1.16000813964592
2011,146,"Kentucky","North Carolina",7,"train",1.77921950044191,5.22078049955809
2011,146,"Kansas","VCU",-10,"train",10.7231652464487,20.7231652464487
2011,152,"VCU","Butler",-8,"train",-0.710407105185749,7.28959289481425
2011,152,"Kentucky","Connecticut",-1,"train",4.92819922435874,5.92819922435874
2011,154,"Connecticut","Butler",12,"train",5.57195906105863,6.42804093894137
2012,134,"BYU","Iona",6,"train",-1.26195062741616,7.26195062741616
2012,134,"MS Valley St","WKU",-1,"train",0.115307897699682,1.11530789769968
2012,135,"South Florida","California",11,"train",-2.06825170053936,13.0682517005394
2012,135,"Lamar","Vermont",-12,"train",-1.00760679260215,10.9923932073979
2012,136,"S Dakota St","Baylor",-8,"train",-9.06392513147828,1.06392513147828
2012,136,"Colorado","UNLV",4,"train",-6.31709485163122,10.3170948516312
2012,136,"West Virginia","Gonzaga",-23,"train",-1.18046900986205,21.819530990138
2012,136,"Indiana","New Mexico St",13,"train",5.9252677332134,7.0747322667866
2012,136,"Iowa St","Connecticut",13,"train",2.30078704527624,10.6992129547238
2012,136,"Southern Miss","Kansas St",-6,"train",-2.74254165476526,3.25745834523474
2012,136,"WKU","Kentucky",-15,"train",-22.6537281590546,7.65372815905464
2012,136,"Davidson","Louisville",-7,"train",-5.44660897664032,1.55339102335968
2012,136,"BYU","Marquette",-20,"train",-8.81609833530552,11.1839016646945
2012,136,"Colorado St","Murray St",-17,"train",-9.56595404625023,7.43404595374977
2012,136,"Long Beach St","New Mexico",-7,"train",-5.37859417319339,1.62140582680661
2012,136,"Ohio St","Loyola MD",19,"train",15.2712141421362,3.72878585786378
2012,136,"Syracuse","UNC Asheville",7,"train",18.1062360660764,11.1062360660764
2012,136,"Wichita St","VCU",-3,"train",5.87310272744597,8.87310272744597
2012,136,"Harvard","Vanderbilt",-9,"train",-2.25617176404444,6.74382823595556
2012,136,"Wisconsin","Montana",24,"train",12.2342332992611,11.7657667007389
2012,137,"Cincinnati","Texas",6,"train",4.46440026709607,1.53559973290393
2012,137,"Creighton","Alabama",1,"train",-0.180035195154697,1.1800351951547
2012,137,"Virginia","Florida",-26,"train",-4.32054215604677,21.6794578439532
2012,137,"Florida St","St Bonaventure",3,"train",7.191920919208,4.191920919208
2012,137,"Georgetown","Belmont",15,"train",4.43499345278492,10.5650065472151
2012,137,"Kansas","Detroit",15,"train",15.3419518106293,0.34195181062927
2012,137,"Lehigh","Duke",5,"train",-8.15307572541469,13.1530757254147
2012,137,"Michigan St","LIU Brooklyn",22,"train",18.0485166549427,3.95148334505728
2012,137,"San Diego St","NC State",-14,"train",4.24646507579482,18.2464650757948
2012,137,"Norfolk St","Missouri",2,"train",-12.7657858232344,14.7657858232344
2012,137,"Vermont","North Carolina",-19,"train",-15.4082063434085,3.59179365659147
2012,137,"Michigan","Ohio",-5,"train",7.60894266089228,12.6089426608923
2012,137,"St Mary's CA","Purdue",-3,"train",1.59183468922275,4.59183468922275
2012,137,"Temple","South Florida",-14,"train",3.44320044216399,17.443200442164
2012,137,"St Louis","Memphis",7,"train",-0.108548333431833,7.10854833343183
2012,137,"Xavier","Notre Dame",4,"train",-1.11722437847568,5.11722437847568
2012,138,"Colorado","Baylor",-17,"train",-10.0574147840323,6.94258521596765
2012,138,"VCU","Indiana",-2,"train",-2.67656987828788,0.676569878287879
2012,138,"Kentucky","Iowa St",16,"train",11.4267175147238,4.57328248527623
2012,138,"Louisville","New Mexico",3,"train",0.632489870170257,2.36751012982974
2012,138,"Murray St","Marquette",-9,"train",2.62505813235409,11.6250581323541
2012,138,"Gonzaga","Ohio St",-7,"train",-5.56983238322076,1.43016761677924
2012,138,"Kansas St","Syracuse",-16,"train",-10.7454934878855,5.25450651211448
2012,138,"Wisconsin","Vanderbilt",3,"train",4.56033393523972,1.56033393523972
2012,139,"Cincinnati","Florida St",6,"train",-2.60721938867633,8.60721938867633
2012,139,"Florida","Norfolk St",34,"train",14.8727388604978,19.1272611395022
2012,139,"Purdue","Kansas",-3,"train",-11.4621699227402,8.46216992274016
2012,139,"St Louis","Michigan St",-4,"train",-5.66243947217867,1.66243947217867
2012,139,"Georgetown","NC State",-3,"train",4.6407732914873,7.6407732914873
2012,139,"North Carolina","Creighton",14,"train",11.7889989555117,2.21100104448826
2012,139,"South Florida","Ohio",-6,"train",-1.71116377051189,4.28883622948811
2012,139,"Xavier","Lehigh",12,"train",1.11379312309071,10.8862068769093
2012,143,"Marquette","Florida",-10,"train",0.23622495164044,10.2362249516404
2012,143,"Michigan St","Louisville",-13,"train",4.39688850700219,17.3968885070022
2012,143,"Ohio St","Cincinnati",15,"train",7.38963278509895,7.61036721490105
2012,143,"Wisconsin","Syracuse",-1,"train",-2.22317989019933,1.22317989019933
2012,144,"Baylor","Xavier",5,"train",7.76866617405565,2.76866617405565
2012,144,"NC State","Kansas",-3,"train",-9.51202850095654,6.51202850095654
2012,144,"Indiana","Kentucky",-12,"train",-7.74833288761844,4.25166711238156
2012,144,"North Carolina","Ohio",8,"train",14.8569029511011,6.85690295110105
2012,145,"Florida","Louisville",-4,"train",0.687060986103883,4.68706098610388
2012,145,"Ohio St","Syracuse",7,"train",-0.166463531484037,7.16646353148404
2012,146,"Kansas","North Carolina",13,"train",0.523577152197066,12.4764228478029
2012,146,"Baylor","Kentucky",-12,"train",-4.58645500004742,7.41354499995258
2012,152,"Kansas","Ohio St",2,"train",2.30312955284377,0.303129552843766
2012,152,"Louisville","Kentucky",-8,"train",-5.34543329487163,2.65456670512837
2012,154,"Kentucky","Kansas",8,"train",5.16341558178714,2.83658441821286
2013,134,"NC A&T","Liberty",1,"train",2.43405103361904,1.43405103361904
2013,134,"MTSU","St Mary's CA",-13,"train",1.48145486984231,14.4814548698423
2013,135,"LIU Brooklyn","James Madison",-13,"train",-0.373228221333886,12.6267717786661
2013,135,"Boise St","La Salle",-9,"train",-1.98555461211073,7.01444538788927
2013,136,"Belmont","Arizona",-17,"train",-5.2742816860752,11.7257183139248
2013,136,"Bucknell","Butler",-12,"train",-2.32549038093898,9.67450961906103
2013,136,"California","UNLV",3,"train",-8.09198363942302,11.091983639423
2013,136,"Colorado St","Missouri",12,"train",0.537776749029088,11.4622232509709
2013,136,"Gonzaga","Southern Univ",6,"train",13.0481139727439,7.04811397274393
2013,136,"New Mexico","Harvard",-6,"train",5.40152439851672,11.4015243985167
2013,136,"Louisville","NC A&T",31,"train",16.9504408844383,14.0495591155617
2013,136,"Marquette","Davidson",1,"train",5.65624928031359,4.65624928031359
2013,136,"St Mary's CA","Memphis",-2,"train",-5.73778748422115,3.73778748422115
2013,136,"S Dakota St","Michigan",-15,"train",-11.1063657257985,3.89363427420145
2013,136,"Valparaiso","Michigan St",-11,"train",-7.93136940495171,3.06863059504829
2013,136,"Oklahoma St","Oregon",-13,"train",3.77061761115534,16.7706176111553
2013,136,"New Mexico St","St Louis",-20,"train",-8.33230532394779,11.6676946760522
2013,136,"Syracuse","Montana",47,"train",16.2217941662728,30.7782058337272
2013,136,"VCU","Akron",46,"train",10.0758549466757,35.9241450533243
2013,136,"Pittsburgh","Wichita St",-18,"train",1.06986565320189,19.0698656532019
2013,137,"Cincinnati","Creighton",-4,"train",-2.74564995208756,1.25435004791244
2013,137,"Duke","SUNY Albany",12,"train",11.5133508238646,0.486649176135412
2013,137,"FGCU","Georgetown",10,"train",-6.1117818586647,16.1117818586647
2013,137,"Northwestern LA","Florida",-32,"train",-15.6278431207384,16.3721568792616
2013,137,"Colorado","Illinois",-8,"train",-0.398046381468235,7.60195361853177
2013,137,"James Madison","Indiana",-21,"train",-18.6683057358564,2.33169426414355
2013,137,"Iowa St","Notre Dame",18,"train",1.97104518431742,16.0289548156826
2013,137,"Kansas","WKU",7,"train",16.2233809499757,9.22338094997575
2013,137,"Kansas St","La Salle",-2,"train",5.61863016754104,7.61863016754104
2013,137,"Pacific","Miami FL",-29,"train",-15.0697410092888,13.9302589907112
2013,137,"Minnesota","UCLA",20,"train",-1.79777499985219,21.7977749998522
2013,137,"Mississippi","Wisconsin",11,"train",-4.29043624082609,15.2904362408261
2013,137,"North Carolina","Villanova",7,"train",4.59073078368174,2.40926921631826
2013,137,"Ohio St","Iona",25,"train",12.2887862109294,12.7112137890706
2013,137,"San Diego St","Oklahoma",15,"train",4.81933965967573,10.1806603403243
2013,137,"NC State","Temple",-4,"train",3.93793125529502,7.93793125529502
2013,138,"Arizona","Harvard",23,"train",5.38372314739908,17.6162768526009
2013,138,"Louisville","Colorado St",26,"train",9.34405665516073,16.6559433448393
2013,138,"Marquette","Butler",2,"train",-0.0212861050717053,2.02128610507171
2013,138,"Michigan","VCU",25,"train",2.31613333264516,22.6838666673548
2013,138,"Memphis","Michigan St",-22,"train",-2.75698829543944,19.2430117045606
2013,138,"Oregon","St Louis",17,"train",-0.975992226205169,17.9759922262052
2013,138,"California","Syracuse",-6,"train",-11.5443836440965,5.54438364409648
2013,138,"Wichita St","Gonzaga",6,"train",-7.66168364682791,13.6616836468279
2013,139,"Creighton","Duke",-16,"train",-7.39160803629132,8.60839196370868
2013,139,"FGCU","San Diego St",10,"train",-1.52139814339784,11.5213981433978
2013,139,"Minnesota","Florida",-14,"train",-10.7559541305549,3.24404586944507
2013,139,"Indiana","Temple",6,"train",9.38742241277034,3.38742241277034
2013,139,"Kansas","North Carolina",12,"train",9.1228350775812,2.8771649224188
2013,139,"La Salle","Mississippi",2,"train",-1.4906888643889,3.4906888643889
2013,139,"Illinois","Miami FL",-4,"train",-7.00800383312606,3.00800383312606
2013,139,"Ohio St","Iowa St",3,"train",7.09875688801559,4.09875688801559
2013,143,"Marquette","Miami FL",10,"train",-4.27568031864135,14.2756803186413
2013,143,"Arizona","Ohio St",-3,"train",-4.98154383633894,1.98154383633894
2013,143,"Indiana","Syracuse",-11,"train",2.67351078066452,13.6735107806645
2013,143,"Wichita St","La Salle",14,"train",4.31675043468641,9.68324956531359
2013,144,"Duke","Michigan St",10,"train",1.08067598212241,8.91932401787759
2013,144,"Florida","FGCU",12,"train",17.6059009008856,5.6059009008856
2013,144,"Oregon","Louisville",-8,"train",-7.98985724451399,0.0101427554860134
2013,144,"Michigan","Kansas",2,"train",-0.653489891168759,2.65348989116876
2013,145,"Syracuse","Marquette",16,"train",6.9465845292163,9.0534154707837
2013,145,"Wichita St","Ohio St",4,"train",-4.81932187874717,8.81932187874717
2013,146,"Duke","Louisville",-22,"train",-5.08547966706557,16.9145203329344
2013,146,"Michigan","Florida",20,"train",-1.12904659003301,21.129046590033
2013,152,"Louisville","Wichita St",4,"train",8.74451778008749,4.74451778008749
2013,152,"Michigan","Syracuse",5,"train",3.55352101548773,1.44647898451227
2013,154,"Michigan","Louisville",-6,"train",-2.76213022260386,3.23786977739614
2014,134,"SUNY Albany","Mt St Mary's",7,"train",4.59541132141794,2.40458867858206
2014,134,"NC State","Xavier",15,"train",-1.0618265432604,16.0618265432604
2014,135,"Cal Poly","TX Southern",12,"train",0.787616955594821,11.2123830444052
2014,135,"Iowa","Tennessee",-13,"train",0.928198177748748,13.9281981777487
2014,136,"Connecticut","St Joseph's PA",8,"train",7.29284726914975,0.70715273085025
2014,136,"Dayton","Ohio St",1,"train",-4.07624484720259,5.07624484720259
2014,136,"SUNY Albany","Florida",-12,"train",-18.7904296605346,6.79042966053458
2014,136,"Harvard","Cincinnati",4,"train",-2.90516862466666,6.90516862466666
2014,136,"Louisville","Manhattan",7,"train",12.0004307802481,5.00043078024806
2014,136,"Michigan","Wofford",17,"train",13.6020400362917,3.39795996370833
2014,136,"Michigan St","Delaware",15,"train",10.9581300410426,4.04186995895739
2014,136,"Oklahoma","N Dakota St",-5,"train",5.479468210779,10.479468210779
2014,136,"Oregon","BYU",19,"train",9.30247727115322,9.69752272884678
2014,136,"Pittsburgh","Colorado",29,"train",5.07815895985295,23.921841040147
2014,136,"New Mexico St","San Diego St",-4,"train",-6.34553332183177,2.34553332183177
2014,136,"NC State","St Louis",-3,"train",-7.66858320237756,4.66858320237756
2014,136,"W Michigan","Syracuse",-24,"train",-13.0862288933205,10.9137711066795
2014,136,"Texas","Arizona St",2,"train",1.1400945520201,0.859905447979898
2014,136,"Villanova","WI Milwaukee",20,"train",14.7423124176976,5.25768758230242
2014,136,"American Univ","Wisconsin",-40,"train",-13.663214815344,26.336785184656
2014,137,"Weber St","Arizona",-9,"train",-17.6005055452231,8.60050554522311
2014,137,"Nebraska","Baylor",-14,"train",-6.08203358136099,7.91796641863901
2014,137,"Creighton","Louisiana",10,"train",8.65283437320373,1.34716562679627
2014,137,"Gonzaga","Oklahoma St",8,"train",2.07353826408964,5.92646173591036
2014,137,"NC Central","Iowa St",-18,"train",-5.66702862342549,12.3329713765745
2014,137,"E Kentucky","Kansas",-11,"train",-11.3988033712137,0.39880337121374
2014,137,"Kansas St","Kentucky",-7,"train",-5.03756957441181,1.96243042558819
2014,137,"G Washington","Memphis",-5,"train",-0.902671800346851,4.09732819965315
2014,137,"Duke","Mercer",-7,"train",8.4935348499524,15.4935348499524
2014,137,"Providence","North Carolina",-2,"train",-4.60747452441823,2.60747452441823
2014,137,"SF Austin","VCU",2,"train",-2.14049575719471,4.14049575719471
2014,137,"Stanford","New Mexico",5,"train",-2.38259276608605,7.38259276608605
2014,137,"Massachusetts","Tennessee",-19,"train",0.230694651798166,19.2306946517982
2014,137,"UCLA","Tulsa",17,"train",11.6135369143673,5.38646308563265
2014,137,"Coastal Car","Virginia",-11,"train",-14.1314631873991,3.13146318739915
2014,137,"Wichita St","Cal Poly",27,"train",21.427505624193,5.57249437580701
2014,138,"Connecticut","Villanova",12,"train",-2.41963766222852,14.4196376622285
2014,138,"Syracuse","Dayton",-2,"train",11.7150269959121,13.7150269959121
2014,138,"Florida","Pittsburgh",16,"train",9.86556087951063,6.13443912048937
2014,138,"Louisville","St Louis",15,"train",6.50148486133697,8.49851513866303
2014,138,"Michigan","Texas",14,"train",8.58992162998872,5.41007837001128
2014,138,"Harvard","Michigan St",-7,"train",-4.36011654344834,2.63988345655166
2014,138,"N Dakota St","San Diego St",-19,"train",-7.05727573852606,11.9427242614739
2014,138,"Wisconsin","Oregon",8,"train",5.72770509342488,2.27229490657512
2014,139,"Arizona","Gonzaga",23,"train",6.71052379889558,16.2894762011044
2014,139,"Creighton","Baylor",-30,"train",1.34089468310833,31.3408946831083
2014,139,"North Carolina","Iowa St",-2,"train",2.98106124550085,4.98106124550085
2014,139,"Kentucky","Wichita St",2,"train",-13.3932680004518,15.3932680004518
2014,139,"Stanford","Kansas",3,"train",-8.048705196333,11.048705196333
2014,139,"Mercer","Tennessee",-20,"train",-3.86707220124389,16.1329277987561
2014,139,"UCLA","SF Austin",17,"train",8.53511754785387,8.46488245214613
2014,139,"Memphis","Virginia",-18,"train",-7.97559152617731,10.0244084738227
2014,143,"Arizona","San Diego St",6,"train",4.41171336976305,1.58828663023695
2014,143,"Dayton","Stanford",10,"train",2.6199339799503,7.3800660200497
2014,143,"UCLA","Florida",-11,"train",-2.51539068955631,8.4846093104437
2014,143,"Wisconsin","Baylor",17,"train",6.2851861369415,10.7148138630585
2014,144,"Connecticut","Iowa St",5,"train",0.606486382480167,4.39351361751983
2014,144,"Kentucky","Louisville",5,"train",-6.68717376763269,11.6871737676327
2014,144,"Tennessee","Michigan",-2,"train",-6.85836708215192,4.85836708215192
2014,144,"Michigan St","Virginia",2,"train",0.740672209687109,1.25932779031289
2014,145,"Dayton","Florida",-10,"train",-10.763948082535,0.763948082535029
2014,145,"Arizona","Wisconsin",-1,"train",2.41901554711549,3.41901554711549
2014,146,"Connecticut","Michigan St",6,"train",0.0192353534341924,5.98076464656581
2014,146,"Kentucky","Michigan",3,"train",-3.01861803837405,6.01861803837405
2014,152,"Connecticut","Florida",10,"train",-4.46038382367816,14.4603838236782
2014,152,"Kentucky","Wisconsin",1,"train",-0.664421710167083,1.66442171016708
2014,154,"Connecticut","Kentucky",6,"train",2.85733010552247,3.14266989447753
2015,134,"Hampton","Manhattan",10,"train",-3.21334810116516,13.2133481011652
2015,134,"Mississippi","BYU",4,"train",-0.239769441544084,4.23976944154408
2015,135,"Boise St","Dayton",-1,"train",-0.380152052204184,0.619847947795816
2015,135,"Robert Morris","North Florida",4,"train",-0.443685569626065,4.44368556962606
2015,136,"TX Southern","Arizona",-21,"train",-19.6344701183379,1.36552988166211
2015,136,"Wofford","Arkansas",-3,"train",-5.57307778138402,2.57307778138402
2015,136,"Texas","Butler",-8,"train",-5.91455791771448,2.08544208228552
2015,136,"Purdue","Cincinnati",-1,"train",-2.68479973177833,1.68479973177833
2015,136,"E Washington","Georgetown",-10,"train",-5.78743300965074,4.21256699034926
2015,136,"Georgia St","Baylor",1,"train",-8.45977265396766,9.45977265396766
2015,136,"Kentucky","Hampton",23,"train",26.3159052446255,3.31590524462548
2015,136,"LSU","NC State",-1,"train",-0.543756409446267,0.456243590553733
2015,136,"Harvard","North Carolina",-2,"train",-9.21649698106794,7.21649698106794
2015,136,"Northeastern","Notre Dame",-4,"train",-12.6527253408973,8.65272534089735
2015,136,"VCU","Ohio St",-3,"train",1.37919201460194,4.37919201460194
2015,136,"Iowa St","UAB",-1,"train",12.092694549496,13.092694549496
2015,136,"UCLA","SMU",1,"train",-3.47282035197891,4.47282035197891
2015,136,"SF Austin","Utah",-7,"train",-3.71889609123956,3.28110390876044
2015,136,"Lafayette","Villanova",-41,"train",-22.2815249368334,18.7184750631666
2015,136,"Xavier","Mississippi",19,"train",4.07771962178061,14.9222803782194
2015,137,"Dayton","Providence",13,"train",1.39582796528809,11.6041720347119
2015,137,"Duke","Robert Morris",29,"train",14.1953331088856,14.8046668911144
2015,137,"N Dakota St","Gonzaga",-10,"train",-16.3475259192855,6.34752591928553
2015,137,"Iowa","Davidson",31,"train",2.95584111966244,28.0441588803376
2015,137,"New Mexico St","Kansas",-19,"train",-8.74391182794809,10.2560881720519
2015,137,"UC Irvine","Louisville",-2,"train",-9.19267086744654,7.19267086744654
2015,137,"Maryland","Valparaiso",3,"train",2.80152944010195,0.198470559898054
2015,137,"Georgia","Michigan St",-7,"train",-3.67072701742115,3.32927298257885
2015,137,"Northern Iowa","Wyoming",17,"train",10.2554341613551,6.74456583864487
2015,137,"Oklahoma","SUNY Albany",9,"train",10.5347969906308,1.53479699063081
2015,137,"Oregon","Oklahoma St",6,"train",5.9509649746992,0.049035025300797
2015,137,"San Diego St","St John's",12,"train",6.47574900212765,5.52425099787235
2015,137,"Virginia","Belmont",12,"train",11.3403638238838,0.659636176116248
2015,137,"Buffalo","West Virginia",-6,"train",-2.82025872182444,3.17974127817556
2015,137,"Wichita St","Indiana",5,"train",6.39256718809223,1.39256718809223
2015,137,"Coastal Car","Wisconsin",-14,"train",-15.354593348694,1.35459334869399
2015,138,"Arizona","Ohio St",15,"train",5.12140330838335,9.87859669161665
2015,138,"Cincinnati","Kentucky",-13,"train",-19.158242466941,6.15824246694095
2015,138,"Villanova","NC State",-3,"train",9.14763975035157,12.1476397503516
2015,138,"North Carolina","Arkansas",9,"train",6.57607351148878,2.42392648851122
2015,138,"Butler","Notre Dame",-3,"train",-0.697195082294048,2.30280491770595
2015,138,"UAB","UCLA",-17,"train",-6.15266353081177,10.8473364691882
2015,138,"Georgetown","Utah",-11,"train",-4.35350685791059,6.64649314208941
2015,138,"Georgia St","Xavier",-8,"train",-4.89287293990658,3.10712706009342
2015,139,"Duke","San Diego St",19,"train",6.62146482614636,12.3785351738536
2015,139,"Iowa","Gonzaga",-19,"train",-7.81346795463504,11.186532045365
2015,139,"Louisville","Northern Iowa",13,"train",1.10396011042515,11.8960398895749
2015,139,"Virginia","Michigan St",-6,"train",3.32464201629421,9.32464201629421
2015,139,"Oklahoma","Dayton",6,"train",6.9651012600785,0.965101260078505
2015,139,"West Virginia","Maryland",10,"train",0.995351323413851,9.00464867658615
2015,139,"Kansas","Wichita St",-13,"train",1.35240052169707,14.3524005216971
2015,139,"Oregon","Wisconsin",-7,"train",-6.15933771909893,0.840662280901068
2015,143,"Arizona","Xavier",8,"train",5.2215358629316,2.7784641370684
2015,143,"Kentucky","West Virginia",39,"train",20.0254189449952,18.9745810550048
2015,143,"Wichita St","Notre Dame",-11,"train",-0.55760983622708,10.4423901637729
2015,143,"Wisconsin","North Carolina",7,"train",5.6485075628907,1.3514924371093
2015,144,"Utah","Duke",-6,"train",-4.95081272652388,1.04918727347612
2015,144,"UCLA","Gonzaga",-12,"train",-9.75945099117254,2.24054900882746
2015,144,"NC State","Louisville",-10,"train",-5.49257572466411,4.50742427533589
2015,144,"Michigan St","Oklahoma",4,"train",-1.07533716777659,5.07533716777659
2015,145,"Notre Dame","Kentucky",-2,"train",-12.261383749616,10.261383749616
2015,145,"Wisconsin","Arizona",7,"train",0.788765999638272,6.21123400036173
2015,146,"Gonzaga","Duke",-14,"train",1.42846485616437,15.4284648561644
2015,146,"Louisville","Michigan St",-6,"train",3.28811071355072,9.28811071355072
2015,152,"Michigan St","Duke",-20,"train",-4.56149221332016,15.4385077866798
2015,152,"Wisconsin","Kentucky",7,"train",-6.63982966775752,13.6398296677575
2015,154,"Wisconsin","Duke",-5,"train",3.00069165596707,8.00069165596707
2016,134,"FGCU","F Dickinson",31,"train",8.71615623993271,22.2838437600673
2016,134,"Vanderbilt","Wichita St",-20,"train",-5.90967825808608,14.0903217419139
2016,135,"Holy Cross","Southern Univ",4,"train",-3.34744327393854,7.34744327393854
2016,135,"Michigan","Tulsa",5,"train",3.99216539520941,1.00783460479059
2016,136,"Purdue","Ark Little Rock",-2,"train",4.18844751302431,6.18844751302431
2016,136,"Butler","Texas Tech",10,"train",3.04817795017297,6.95182204982703
2016,136,"Connecticut","Colorado",7,"train",6.51854441415057,0.481455585849426
2016,136,"UNC Wilmington","Duke",-8,"train",-8.33125357166181,0.331253571661811
2016,136,"Gonzaga","Seton Hall",16,"train",0.534695568342727,15.4653044316573
2016,136,"Chattanooga","Indiana",-25,"train",-10.8711977881445,14.1288022118555
2016,136,"Iowa St","Iona",13,"train",9.8667628214993,3.1332371785007
2016,136,"Austin Peay","Kansas",-26,"train",-20.4830448274548,5.51695517254521
2016,136,"Stony Brook","Kentucky",-28,"train",-9.3183326722815,18.6816673277185
2016,136,"Buffalo","Miami FL",-7,"train",-13.3914095882805,6.39140958828055
2016,136,"FGCU","North Carolina",-16,"train",-14.7103032263157,1.28969677368434
2016,136,"USC","Providence",-1,"train",3.21971979630751,4.21971979630751
2016,136,"Utah","Fresno St",11,"train",7.16700961348093,3.83299038651907
2016,136,"Hampton","Virginia",-36,"train",-19.3008131044976,16.6991868955024
2016,136,"Arizona","Wichita St",-10,"train",-0.115036369405357,9.88496363059464
2016,136,"Baylor","Yale",-4,"train",5.73080870254553,9.73080870254553
2016,137,"California","Hawaii",-11,"train",4.33196904967745,15.3319690496774
2016,137,"Temple","Iowa",-2,"train",-8.27136074876023,6.27136074876023
2016,137,"Maryland","S Dakota St",5,"train",4.60477467066831,0.395225329331692
2016,137,"MTSU","Michigan St",9,"train",-12.7738294386264,21.7738294386264
2016,137,"Northern Iowa","Texas",3,"train",-0.513602232162891,3.51360223216289
2016,137,"Michigan","Notre Dame",-7,"train",1.13994136080959,8.13994136080959
2016,137,"Oklahoma","CS Bakersfield",14,"train",11.0284114808583,2.97158851914169
2016,137,"Holy Cross","Oregon",-39,"train",-20.044813821374,18.955186178626
2016,137,"SF Austin","West Virginia",14,"train",-4.07250006346,18.07250006346
2016,137,"Cincinnati","St Joseph's PA",-2,"train",1.56929906407963,3.56929906407963
2016,137,"Syracuse","Dayton",19,"train",1.98033171378746,17.0196682862125
2016,137,"Texas A&M","WI Green Bay",27,"train",12.2975355894693,14.7024644105307
2016,137,"Oregon St","VCU",-8,"train",-0.0183204722698965,7.9816795277301
2016,137,"UNC Asheville","Villanova",-30,"train",-15.6741106738443,14.3258893261557
2016,137,"Pittsburgh","Wisconsin",-4,"train",-1.11504445071132,2.88495554928868
2016,137,"Xavier","Weber St",18,"train",9.14838396402641,8.85161603597359
2016,138,"Yale","Duke",-7,"train",-8.04071372705311,1.04071372705311
2016,138,"Gonzaga","Utah",23,"train",-0.424245983657336,23.4242459836573
2016,138,"Indiana","Kentucky",6,"train",-1.88605389569296,7.88605389569296
2016,138,"Ark Little Rock","Iowa St",-17,"train",-4.09693273989709,12.9030672601029
2016,138,"Connecticut","Kansas",-12,"train",-3.48957294483582,8.51042705516418
2016,138,"Wichita St","Miami FL",-8,"train",-3.65735729916388,4.34264270083612
2016,138,"North Carolina","Providence",19,"train",14.7157315149659,4.28426848503412
2016,138,"Butler","Virginia",-8,"train",-5.34069021032425,2.65930978967575
2016,139,"Hawaii","Maryland",-13,"train",-5.28738885986325,7.71261114013675
2016,139,"Notre Dame","SF Austin",1,"train",4.01729421441632,3.01729421441632
2016,139,"VCU","Oklahoma",-4,"train",-2.25939280167806,1.74060719832194
2016,139,"Oregon","St Joseph's PA",5,"train",10.7261659872688,5.72616598726878
2016,139,"Syracuse","MTSU",25,"train",9.48858019848402,15.511419801516
2016,139,"Texas A&M","Northern Iowa",4,"train",8.03624414482861,4.03624414482861
2016,139,"Iowa","Villanova",-19,"train",-7.49356220936824,11.5064377906318
2016,139,"Xavier","Wisconsin",-3,"train",3.80054867594153,6.80054867594153
2016,143,"Maryland","Kansas",-16,"train",-5.97794806958802,10.022051930412
2016,143,"Oklahoma","Texas A&M",14,"train",0.359472105898769,13.6405278941012
2016,143,"Oregon","Duke",14,"train",5.48000421222531,8.51999578777469
2016,143,"Miami FL","Villanova",-23,"train",-7.48012042914402,15.519879570856
2016,144,"North Carolina","Indiana",15,"train",9.20991980654268,5.79008019345732
2016,144,"Notre Dame","Wisconsin",5,"train",1.3678259998057,3.6321740001943
2016,144,"Syracuse","Gonzaga",3,"train",3.36778960210621,0.36778960210621
2016,144,"Virginia","Iowa St",13,"train",1.61613457312396,11.383865426876
2016,145,"Oklahoma","Oregon",12,"train",0.780583365642254,11.2194166343577
2016,145,"Villanova","Kansas",5,"train",2.8225637905075,2.1774362094925
2016,146,"Notre Dame","North Carolina",-14,"train",-8.700338206546,5.299661793454
2016,146,"Syracuse","Virginia",6,"train",-4.75576173305971,10.7557617330597
2016,152,"North Carolina","Syracuse",17,"train",14.6075957375157,2.39240426248435
2016,152,"Villanova","Oklahoma",44,"train",5.28357230744458,38.7164276925554
2016,154,"Villanova","North Carolina",3,"train",0.480315667836304,2.5196843321637
2017,134,"Kansas St","Wake Forest",7,"train",-0.102812345284669,7.10281234528467
2017,134,"New Orleans","Mt St Mary's",-1,"train",1.48750599266959,2.48750599266959
2017,135,"UC Davis","NC Central",4,"train",-2.70916631283705,6.70916631283705
2017,135,"Providence","USC",-4,"train",1.08143739792168,5.08143739792168
2017,136,"Arizona","North Dakota",18,"train",9.1972134482813,8.8027865517187
2017,136,"Winthrop","Butler",-12,"train",-10.8234082776558,1.17659172234417
2017,136,"ETSU","Florida",-15,"train",-8.78932635471129,6.21067364528871
2017,136,"Florida St","FGCU",6,"train",8.08064072006,2.08064072006
2017,136,"S Dakota St","Gonzaga",-20,"train",-22.2254751500998,2.22547515009981
2017,136,"Iowa St","Nevada",11,"train",7.8629845092278,3.1370154907722
2017,136,"MTSU","Minnesota",9,"train",0.000476610479053292,8.99952338952095
2017,136,"Vanderbilt","Northwestern",-2,"train",-4.99482403889871,2.99482403889871
2017,136,"Notre Dame","Princeton",2,"train",5.35451966087096,3.35451966087096
2017,136,"Purdue","Vermont",10,"train",6.53999966743782,3.46000033256218
2017,136,"St Mary's CA","VCU",8,"train",0.0691924526676317,7.93080754733237
2017,136,"Villanova","Mt St Mary's",20,"train",19.1765321528324,0.823467847167649
2017,136,"Virginia","UNC Wilmington",5,"train",3.62477887560622,1.37522112439378
2017,136,"Bucknell","West Virginia",-6,"train",-10.0868584004046,4.08685840040462
2017,136,"Wisconsin","Virginia Tech",10,"train",5.88753150655601,4.11246849344399
2017,136,"Maryland","Xavier",-11,"train",1.16041504259144,12.1604150425914
2017,137,"Seton Hall","Arkansas",-6,"train",-2.33223975626083,3.66776024373917
2017,137,"Baylor","New Mexico St",18,"train",12.153856757119,5.846143242881
2017,137,"Kansas St","Cincinnati",-14,"train",-7.41301983706286,6.58698016293714
2017,137,"Troy","Duke",-22,"train",-14.5990506638559,7.40094933614408
2017,137,"Kansas","UC Davis",38,"train",17.6737106510709,20.3262893489291
2017,137,"Kentucky","N Kentucky",9,"train",15.8033288503042,6.80332885030425
2017,137,"Louisville","Jacksonville St",15,"train",14.3497904683492,0.650209531650772
2017,137,"Oklahoma St","Michigan",-1,"train",-5.99285567454382,4.99285567454382
2017,137,"Michigan St","Miami FL",20,"train",-0.200118578969606,20.2001185789696
2017,137,"North Carolina","TX Southern",39,"train",21.9220371174214,17.0779628825786
2017,137,"Oregon","Iona",16,"train",17.9055804644063,1.9055804644063
2017,137,"Creighton","Rhode Island",-12,"train",0.482922405926685,12.4829224059267
2017,137,"South Carolina","Marquette",20,"train",5.82299753799719,14.1770024620028
2017,137,"UCLA","Kent",17,"train",14.776577482713,2.22342251728695
2017,137,"USC","SMU",1,"train",-5.30128307923666,6.30128307923666
2017,137,"Wichita St","Dayton",6,"train",0.901978150913375,5.09802184908663
2017,138,"St Mary's CA","Arizona",-9,"train",-5.99432244186474,3.00567755813526
2017,138,"Butler","MTSU",9,"train",7.20435057396385,1.79564942603615
2017,138,"Florida","Virginia",26,"train",4.77233321974478,21.2276667802552
2017,138,"Northwestern","Gonzaga",-6,"train",-10.0385282759803,4.03852827598032
2017,138,"Iowa St","Purdue",-4,"train",-1.05636471324424,2.94363528675576
2017,138,"West Virginia","Notre Dame",12,"train",6.25251496642262,5.74748503357738
2017,138,"Wisconsin","Villanova",3,"train",-8.15416712122133,11.1541671212213
2017,138,"Florida St","Xavier",-25,"train",6.0835851160149,31.0835851160149
2017,139,"USC","Baylor",-4,"train",-6.96953912109399,2.96953912109399
2017,139,"Michigan St","Kansas",-20,"train",-9.04383272153622,10.9561672784638
2017,139,"Kentucky","Wichita St",3,"train",5.68903356605787,2.68903356605787
2017,139,"Louisville","Michigan",-4,"train",3.56195584374128,7.56195584374128
2017,139,"North Carolina","Arkansas",7,"train",13.4842828581638,6.48428285816381
2017,139,"Rhode Island","Oregon",-3,"train",-7.47538358422291,4.47538358422291
2017,139,"South Carolina","Duke",7,"train",-3.5972288063492,10.5972288063492
2017,139,"UCLA","Cincinnati",12,"train",6.01332364509271,5.98667635490729
2017,143,"Gonzaga","West Virginia",3,"train",5.53889357289087,2.53889357289087
2017,143,"Kansas","Purdue",32,"train",3.0706414139405,28.9293585860595
2017,143,"Michigan","Oregon",-1,"train",-2.59674684740352,1.59674684740352
2017,143,"Arizona","Xavier",-2,"train",5.39426797629516,7.39426797629516
2017,144,"Wisconsin","Florida",-1,"train",-1.83901141191631,0.839011411916312
2017,144,"Kentucky","UCLA",11,"train",3.40009779639859,7.59990220360141
2017,144,"North Carolina","Butler",12,"train",6.81397291002617,5.18602708997383
2017,144,"Baylor","South Carolina",-20,"train",5.17463965902496,25.174639659025
2017,145,"Xavier","Gonzaga",-24,"train",-14.3119004773023,9.68809952269773
2017,145,"Oregon","Kansas",14,"train",4.51359554726334,9.48640445273666
2017,146,"North Carolina","Kentucky",2,"train",4.58886765442362,2.58886765442362
2017,146,"South Carolina","Florida",7,"train",-2.03929473327348,9.03929473327348
2017,152,"Gonzaga","South Carolina",4,"train",9.86983329779819,5.86983329779819
2017,152,"North Carolina","Oregon",1,"train",6.56732543312502,5.56732543312502
2017,154,"North Carolina","Gonzaga",6,"train",3.62120681798452,2.37879318201548
2018,134,"Radford","LIU Brooklyn",10,"train",3.05436804856203,6.94563195143797
2018,134,"UCLA","St Bonaventure",-7,"train",2.43049965792711,9.43049965792711
2018,135,"Arizona St","Syracuse",-4,"train",1.08425562251888,5.08425562251888
2018,135,"TX Southern","NC Central",18,"train",1.3850488493652,16.6149511506348
2018,136,"Virginia Tech","Alabama",-3,"train",3.21184524694272,6.21184524694272
2018,136,"Arizona","Buffalo",-21,"train",4.70545481405699,25.705454814057
2018,136,"Iona","Duke",-22,"train",-17.235704089844,4.76429591015597
2018,136,"St Bonaventure","Florida",-15,"train",-5.8929037934919,9.1070962065081
2018,136,"Gonzaga","UNC Greensboro",4,"train",8.868581662588,4.868581662588
2018,136,"San Diego St","Houston",-2,"train",-4.68740858057215,2.68740858057215
2018,136,"Penn","Kansas",-16,"train",-13.0121725064489,2.98782749355113
2018,136,"Kentucky","Davidson",5,"train",6.96829029617734,1.96829029617734
2018,136,"Loyola-Chicago","Miami FL",2,"train",-3.29727768427404,5.29727768427404
2018,136,"Michigan","Montana",14,"train",12.4221637462959,1.57783625370407
2018,136,"Ohio St","S Dakota St",8,"train",7.90140507799529,0.0985949220047075
2018,136,"Oklahoma","Rhode Island",-5,"train",-4.06952629494453,0.930473705055474
2018,136,"Seton Hall","NC State",11,"train",-2.33616465513272,13.3361646551327
2018,136,"Wright St","Tennessee",-26,"train",-10.0798974685588,15.9201025314412
2018,136,"SF Austin","Texas Tech",-10,"train",-7.91583262147346,2.08416737852654
2018,136,"Villanova","Radford",26,"train",18.7426755983851,7.25732440161494
2018,137,"Col Charleston","Auburn",-4,"train",-6.58650930689569,2.58650930689569
2018,137,"Butler","Arkansas",17,"train",1.77212032804839,15.2278796719516
2018,137,"Georgia St","Cincinnati",-15,"train",-12.8413920208341,2.15860797916586
2018,137,"New Mexico St","Clemson",-11,"train",-3.4276822969322,7.5723177030678
2018,137,"Missouri","Florida St",-13,"train",-1.28805370157456,11.7119462984254
2018,137,"Creighton","Kansas St",-10,"train",-0.805948161692458,9.19405183830754
2018,137,"Wichita St","Marshall",-6,"train",10.4671857411176,16.4671857411176
2018,137,"Bucknell","Michigan St",-4,"train",-11.8321074097411,7.83210740974109
2018,137,"Nevada","Texas",4,"train",5.04958801797435,1.04958801797435
2018,137,"Lipscomb","North Carolina",-18,"train",-14.1083558346416,3.89164416535838
2018,137,"Purdue","CS Fullerton",26,"train",15.0264413237554,10.9735586762446
2018,137,"TCU","Syracuse",-5,"train",4.14087739759393,9.14087739759393
2018,137,"Providence","Texas A&M",-4,"train",-3.05044749711455,0.949552502885449
2018,137,"Virginia","UMBC",-20,"train",13.74179027701,33.74179027701
2018,137,"West Virginia","Murray St",17,"train",8.25138362738983,8.74861637261017
2018,137,"TX Southern","Xavier",-19,"train",-17.026759063939,1.973240936061
2018,138,"Duke","Rhode Island",25,"train",6.3313111295528,18.6686888704472
2018,138,"Ohio St","Gonzaga",-6,"train",-2.06608941412906,3.93391058587094
2018,138,"Kansas","Seton Hall",4,"train",8.72854750983911,4.72854750983911
2018,138,"Kentucky","Buffalo",20,"train",7.23349352712547,12.7665064728745
2018,138,"Tennessee","Loyola-Chicago",-1,"train",5.54870277668823,6.54870277668823
2018,138,"Michigan","Houston",1,"train",3.98594358150435,2.98594358150435
2018,138,"Florida","Texas Tech",-3,"train",-1.94952661447357,1.05047338552643
2018,138,"Alabama","Villanova",-23,"train",-14.8844843057192,8.11551569428077
2018,139,"Clemson","Auburn",31,"train",-0.197000341769126,31.1970003417691
2018,139,"Florida St","Xavier",5,"train",-7.72631350119267,12.7263135011927
2018,139,"Kansas St","UMBC",7,"train",5.57991258428927,1.42008741571073
2018,139,"Cincinnati","Nevada",-2,"train",6.58402382909425,8.58402382909425
2018,139,"Purdue","Butler",3,"train",6.71513696572149,3.71513696572149
2018,139,"Syracuse","Michigan St",2,"train",-5.68277235229337,7.68277235229337
2018,139,"Texas A&M","North Carolina",21,"train",-7.30441339496657,28.3044133949666
2018,139,"West Virginia","Marshall",23,"train",10.0804879930604,12.9195120069396
2018,143,"Gonzaga","Florida St",-15,"train",6.00530118314027,21.0053011831403
2018,143,"Kansas St","Kentucky",3,"train",-5.83958467939735,8.83958467939735
2018,143,"Loyola-Chicago","Nevada",1,"train",-3.0684936524699,4.0684936524699
2018,143,"Texas A&M","Michigan",-27,"train",-7.10861671817231,19.8913832818277
2018,144,"Duke","Syracuse",4,"train",10.0080525313038,6.00805253130383
2018,144,"Kansas","Clemson",4,"train",5.42558699768086,1.42558699768086
2018,144,"Purdue","Texas Tech",-13,"train",0.518941530301748,13.5189415303017
2018,144,"West Virginia","Villanova",-12,"train",-6.48269938866816,5.51730061133184
2018,145,"Kansas St","Loyola-Chicago",-16,"train",-1.72955694825381,14.2704430517462
2018,145,"Michigan","Florida St",4,"train",6.87622297721462,2.87622297721462
2018,146,"Duke","Kansas",-4,"train",1.22335326830896,5.22335326830896
2018,146,"Texas Tech","Villanova",-12,"train",-4.22716959973078,7.77283040026922
2018,152,"Michigan","Loyola-Chicago",12,"train",9.92855355285062,2.07144644714938
2018,152,"Villanova","Kansas",16,"train",6.36027511508154,9.63972488491846
2018,154,"Michigan","Villanova",-17,"train",-3.02118384546851,13.9788161545315
2019,134,"Temple","Belmont",-11,"train",-4.9722038908357,6.0277961091643
2019,134,"Prairie View","F Dickinson",-6,"train",0.594586978357806,6.59458697835781
2019,135,"St John's","Arizona St",-9,"train",-1.23472767497057,7.76527232502943
2019,135,"N Dakota St","NC Central",4,"train",0.150026414552685,3.84997358544731
2019,136,"New Mexico St","Auburn",-1,"train",-2.81620392585163,1.81620392585163
2019,136,"Baylor","Syracuse",9,"train",1.35988802144518,7.64011197855482
2019,136,"Florida","Nevada",9,"train",-1.46080294739225,10.4608029473923
2019,136,"Vermont","Florida St",-7,"train",-8.4214161410769,1.4214161410769
2019,136,"Gonzaga","F Dickinson",38,"train",17.7256824403675,20.2743175596325
2019,136,"Northeastern","Kansas",-34,"train",-8.23491191253838,25.7650880874616
2019,136,"Kentucky","Abilene Chr",35,"train",13.9761609256844,21.0238390743156
2019,136,"LSU","Yale",5,"train",8.95463655018561,3.95463655018561
2019,136,"Belmont","Maryland",-2,"train",-3.12288576944746,1.12288576944746
2019,136,"Michigan","Montana",19,"train",15.3617290301728,3.63827096982719
2019,136,"Michigan St","Bradley",11,"train",15.081615793085,4.08161579308498
2019,136,"Louisville","Minnesota",-10,"train",6.19681569006176,16.1968156900618
2019,136,"Murray St","Marquette",19,"train",-1.76368231901475,20.7636823190147
2019,136,"Old Dominion","Purdue",-13,"train",-8.88614522274682,4.11385477725318
2019,136,"Villanova","St Mary's CA",4,"train",5.11229004961401,1.11229004961401
2019,136,"Seton Hall","Wofford",-16,"train",-7.46787967381426,8.53212032618574
2019,137,"Buffalo","Arizona St",17,"train",7.34935958256425,9.65064041743575
2019,137,"Duke","N Dakota St",23,"train",16.0897672429563,6.91023275704373
2019,137,"Houston","Georgia St",29,"train",15.4496595624518,13.5503404375482
2019,137,"Cincinnati","Iowa",-7,"train",6.37195308092246,13.3719530809225
2019,137,"Mississippi St","Liberty",-4,"train",4.8562566086721,8.8562566086721
2019,137,"North Carolina","Iona",15,"train",19.4836380376401,4.48363803764009
2019,137,"Ohio St","Iowa St",3,"train",-5.44179978392018,8.44179978392018
2019,137,"Mississippi","Oklahoma",-23,"train",2.35880984741116,25.3588098474112
2019,137,"Oregon","Wisconsin",18,"train",0.108285201613406,17.8917147983866
2019,137,"Colgate","Tennessee",-7,"train",-12.6450795394314,5.6450795394314
2019,137,"N Kentucky","Texas Tech",-15,"train",-10.8629728845981,4.13702711540188
2019,137,"UC Irvine","Kansas St",6,"train",-4.52408330159534,10.5240833015953
2019,137,"UCF","VCU",15,"train",-0.480434771286664,15.4804347712867
2019,137,"Virginia","Gardner Webb",15,"train",12.6304579853689,2.36954201463106
2019,137,"St Louis","Virginia Tech",-14,"train",-8.77777876632932,5.22222123367068
2019,137,"Washington","Utah St",17,"train",-0.022948725798794,17.0229487257988
2019,138,"Kansas","Auburn",-14,"train",0.69786264336139,14.6978626433614
2019,138,"Florida St","Murray St",28,"train",5.31951111835568,22.6804888816443
2019,138,"Baylor","Gonzaga",-12,"train",-9.0901871014621,2.9098128985379
2019,138,"Kentucky","Wofford",6,"train",5.91059735363713,0.0894026463628705
2019,138,"LSU","Maryland",2,"train",2.53297166965789,0.532971669657895
2019,138,"Florida","Michigan",-15,"train",-7.61503774515921,7.38496225484079
2019,138,"Minnesota","Michigan St",-20,"train",-11.4458878058422,8.55411219415779
2019,138,"Villanova","Purdue",-26,"train",-0.125575674414599,25.8744243255854
2019,139,"UCF","Duke",-1,"train",-8.2659013018984,7.2659013018984
2019,139,"Ohio St","Houston",-15,"train",-10.5704218805166,4.42957811948341
2019,139,"North Carolina","Washington",22,"train",12.7946695013273,9.20533049867266
2019,139,"Oregon","UC Irvine",19,"train",7.14563575975649,11.8543642402435
2019,139,"Iowa","Tennessee",-6,"train",-9.7386147847242,3.7386147847242
2019,139,"Buffalo","Texas Tech",-20,"train",-3.56024294404061,16.4397570559594
2019,139,"Virginia","Oklahoma",12,"train",7.76635041690867,4.23364958309133
2019,139,"Virginia Tech","Liberty",9,"train",6.00385968197193,2.99614031802807
2019,143,"Gonzaga","Florida St",14,"train",6.31226053619536,7.68773946380464
2019,143,"Tennessee","Purdue",-5,"train",1.68826043613918,6.68826043613918
2019,143,"Michigan","Texas Tech",-19,"train",1.64246618043748,20.6424661804375
2019,143,"Oregon","Virginia",-4,"train",-6.60990441505487,2.60990441505487
2019,144,"Auburn","North Carolina",17,"train",-5.3005417938338,22.3005417938338
2019,144,"Duke","Virginia Tech",2,"train",3.38697578034805,1.38697578034805
2019,144,"Houston","Kentucky",-4,"train",2.76723957221287,6.76723957221287
2019,144,"Michigan St","LSU",17,"train",4.74044498682493,12.2595550131751
2019,145,"Gonzaga","Texas Tech",-6,"train",3.55613744429341,9.5561374442934
2019,145,"Purdue","Virginia",-5,"train",-4.86405459398974,0.13594540601026
2019,146,"Kentucky","Auburn",-6,"train",4.83237718769297,10.832377187693
2019,146,"Michigan St","Duke",1,"train",-0.647062472487941,1.64706247248794
2019,152,"Texas Tech","Michigan St",10,"train",2.17777160268042,7.82222839731958
2019,152,"Virginia","Auburn",1,"train",3.72612602004272,2.72612602004272
2019,154,"Virginia","Texas Tech",8,"train",-1.04986001517711,9.04986001517711
2021,136,"Wichita St","Drake",-1,"train",-1.50842946357705,0.508429463577054
2021,136,"Norfolk St","Appalachian St",1,"train",3.38191820529433,2.38191820529433
2021,136,"TX Southern","Mt St Mary's",8,"train",2.75714130368309,5.24285869631691
2021,136,"Michigan St","UCLA",-6,"train",-2.01824528860853,3.98175471139147
2021,137,"Colgate","Arkansas",-17,"train",-2.42759283557379,14.5724071644262
2021,137,"Hartford","Baylor",-24,"train",-17.9538449050327,6.04615509496733
2021,137,"Virginia Tech","Florida",-5,"train",-2.28566199242738,2.71433800757262
2021,137,"Cleveland St","Houston",-31,"train",-19.781849561764,11.218150438236
2021,137,"Illinois","Drexel",29,"train",13.7853077778246,15.2146922221754
2021,137,"Loyola-Chicago","Georgia Tech",11,"train",6.16010633754787,4.83989366245213
2021,137,"North Texas","Purdue",9,"train",-3.69771065779906,12.6977106577991
2021,137,"Oklahoma St","Liberty",9,"train",2.79896072388324,6.20103927611676
2021,137,"Oral Roberts","Ohio St",3,"train",-10.5977036374739,13.5977036374739
2021,137,"Oregon St","Tennessee",14,"train",-6.39473128656119,20.3947312865612
2021,137,"Clemson","Rutgers",-4,"train",2.9215966626115,6.9215966626115
2021,137,"Syracuse","San Diego St",16,"train",-0.679479031542378,16.6794790315424
2021,137,"Texas Tech","Utah St",12,"train",6.97143204200035,5.02856795799965
2021,137,"Villanova","Winthrop",10,"train",5.61376415123505,4.38623584876495
2021,137,"West Virginia","Morehead St",17,"train",12.5095620278716,4.49043797212839
2021,137,"North Carolina","Wisconsin",-23,"train",6.43418406051894,29.4341840605189
2021,138,"Texas","Abilene Chr",-1,"train",5.6602344880599,6.6602344880599
2021,138,"Alabama","Iona",13,"train",11.4333390973396,1.5666609026604
2021,138,"Georgetown","Colorado",-23,"train",-11.2321082124489,11.7678917875511
2021,138,"UC Santa Barbara","Creighton",-1,"train",-4.04952378465321,3.04952378465321
2021,138,"Florida St","UNC Greensboro",10,"train",6.23361467192131,3.76638532807869
2021,138,"Gonzaga","Norfolk St",43,"train",25.7403657723984,17.2596342276016
2021,138,"Grand Canyon","Iowa",-12,"train",-8.3573895559104,3.6426104440896
2021,138,"E Washington","Kansas",-9,"train",-7.72859298060795,1.27140701939205
2021,138,"St Bonaventure","LSU",-15,"train",0.490817613736033,15.490817613736
2021,138,"Connecticut","Maryland",-9,"train",7.22080635872313,16.2208063587231
2021,138,"TX Southern","Michigan",-16,"train",-14.8270830770427,1.17291692295731
2021,138,"Ohio","Virginia",4,"train",-4.67649322216301,8.67649322216301
2021,138,"Oklahoma","Missouri",4,"train",4.03547314869475,0.0354731486947486
2021,138,"UCLA","BYU",11,"train",-0.473229767204036,11.473229767204
2021,138,"Drake","USC",-16,"train",-6.33510381607204,9.66489618392796
2021,139,"Arkansas","Texas Tech",2,"train",-0.834816777388624,2.83481677738862
2021,139,"Baylor","Wisconsin",13,"train",10.3577898817579,2.64221011824209
2021,139,"Rutgers","Houston",-3,"train",-12.9835435742108,9.98354357421079
2021,139,"Illinois","Loyola-Chicago",-13,"train",3.65657675268012,16.6565767526801
2021,139,"Oral Roberts","Florida",3,"train",-5.82325074151612,8.82325074151612
2021,139,"Oklahoma St","Oregon St",-10,"train",5.42076439136592,15.4207643913659
2021,139,"Syracuse","West Virginia",3,"train",-0.283087606142977,3.28308760614298
2021,139,"Villanova","North Texas",23,"train",9.37749370713847,13.6225062928615
2021,140,"Alabama","Maryland",19,"train",8.65279237430049,10.3472076256995
2021,140,"Creighton","Ohio",14,"train",5.15928071575814,8.84071928424186
2021,140,"Florida St","Colorado",18,"train",0.932246304177537,17.0677536958225
2021,140,"Gonzaga","Oklahoma",16,"train",20.1303069346018,4.13030693460178
2021,140,"LSU","Michigan",-8,"train",-7.57578550127471,0.424214498725285
2021,140,"Oregon","Iowa",15,"train",2.02419453067381,12.9758054693262
2021,140,"UCLA","Abilene Chr",20,"train",3.53406873277582,16.4659312672242
2021,140,"USC","Kansas",34,"train",2.372915741164,31.627084258836
2021,145,"Oral Roberts","Arkansas",-2,"train",-11.0289488073392,9.02894880733917
2021,145,"Baylor","Villanova",11,"train",4.89214873976894,6.10785126023106
2021,145,"Syracuse","Houston",-16,"train",-7.72704495465456,8.27295504534544
2021,145,"Oregon St","Loyola-Chicago",7,"train",-8.08077204667895,15.080772046679
2021,146,"Creighton","Gonzaga",-18,"train",-17.7583081282832,0.241691871716807
2021,146,"Florida St","Michigan",-18,"train",-5.06919847845311,12.9308015215469
2021,146,"UCLA","Alabama",10,"train",-4.58931433759734,14.5893143375973
2021,146,"Oregon","USC",-14,"train",2.69929865317381,16.6992986531738
2021,147,"Arkansas","Baylor",-9,"train",-5.08998029854663,3.91001970145337
2021,147,"Houston","Oregon St",6,"train",14.9213898567692,8.92138985676916
2021,148,"USC","Gonzaga",-19,"train",-12.5928584462679,6.4071415537321
2021,148,"UCLA","Michigan",2,"train",-7.66377793362643,9.66377793362643
2021,152,"Baylor","Houston",19,"train",2.5985930043416,16.4014069956584
2021,152,"UCLA","Gonzaga",-3,"train",-16.9543539484577,13.9543539484577
2021,154,"Baylor","Gonzaga",16,"train",-6.43092319362251,22.4309231936225
2022,134,"Indiana","Wyoming",8,"train",-0.424971980733419,8.42497198073342
2022,134,"TX Southern","TAM C. Christi",9,"train",2.52394892310601,6.47605107689399
2022,135,"Notre Dame","Rutgers",2,"train",2.43724410775886,0.437244107758859
2022,135,"Bryant","Wright St",-11,"train",-2.0306284384974,8.9693715615026
2022,136,"Arkansas","Vermont",4,"train",2.91278831549225,1.08721168450775
2022,136,"Baylor","Norfolk St",36,"train",17.2339127117085,18.7660872882915
2022,136,"Creighton","San Diego St",3,"train",-4.85123443719373,7.85123443719373
2022,136,"Gonzaga","Georgia St",21,"train",17.6039440945893,3.39605590541074
2022,136,"TX Southern","Kansas",-27,"train",-14.5426465771347,12.4573534228653
2022,136,"Boise St","Memphis",-11,"train",-0.191748262709113,10.8082517372909
2022,136,"Colorado St","Michigan",-12,"train",1.42843263823065,13.4284326382307
2022,136,"Murray St","San Francisco",5,"train",4.57008150251515,0.429918497484849
2022,136,"New Mexico St","Connecticut",7,"train",-8.15415564035573,15.1541556403557
2022,136,"Marquette","North Carolina",-32,"train",-3.05681445485712,28.9431855451429
2022,136,"S Dakota St","Providence",-9,"train",-3.65798186265648,5.34201813734352
2022,136,"Richmond","Iowa",4,"train",-7.37570644166096,11.375706441661
2022,136,"Indiana","St Mary's CA",-29,"train",-8.82870986136185,20.1712901386381
2022,136,"Kentucky","St Peter's",-6,"train",14.0247800259144,20.0247800259144
2022,136,"Tennessee","Longwood",32,"train",10.5255822797561,21.4744177202439
2022,136,"UCLA","Akron",4,"train",12.5614551129395,8.56145511293954
2022,137,"Wright St","Arizona",-17,"train",-18.9489672486795,1.9489672486795
2022,137,"Jacksonville St","Auburn",-19,"train",-13.3886993779238,5.61130062207622
2022,137,"Duke","CS Fullerton",17,"train",13.2226170557437,3.77738294425628
2022,137,"UAB","Houston",-14,"train",-8.76130857549836,5.23869142450164
2022,137,"Illinois","Chattanooga",1,"train",7.22419325626187,6.22419325626187
2022,137,"Iowa St","LSU",5,"train",-4.11121650598158,9.11121650598158
2022,137,"USC","Miami FL",-2,"train",4.9798525233016,6.9798525233016
2022,137,"Michigan St","Davidson",1,"train",1.93115368007475,0.931153680074755
2022,137,"Notre Dame","Alabama",14,"train",0.225221958644901,13.7747780413551
2022,137,"Loyola-Chicago","Ohio St",-13,"train",0.912432191411979,13.912432191412
2022,137,"Yale","Purdue",-22,"train",-13.4278396647615,8.57216033523846
2022,137,"Seton Hall","TCU",-27,"train",-0.567277029998498,26.4327229700015
2022,137,"Virginia Tech","Texas",-8,"train",-3.54290109825223,4.45709890174777
2022,137,"Texas Tech","Montana St",35,"train",12.9690663031605,22.0309336968395
2022,137,"Villanova","Delaware",20,"train",14.7645104820588,5.23548951794125
2022,137,"Wisconsin","Colgate",7,"train",8.64223924399327,1.64223924399327
2022,138,"New Mexico St","Arkansas",-5,"train",-6.66786934606068,1.66786934606068
2022,138,"Memphis","Gonzaga",-4,"train",-11.3393387854642,7.33933878546423
2022,138,"Creighton","Kansas",-7,"train",-13.3798463742425,6.37984637424249
2022,138,"Tennessee","Michigan",-8,"train",6.30590074424728,14.3059007442473
2022,138,"Baylor","North Carolina",-7,"train",9.09074261951673,16.0907426195167
2022,138,"Providence","Richmond",28,"train",6.0609421574052,21.9390578425948
2022,138,"St Peter's","Murray St",10,"train",-7.19920500590721,17.1992050059072
2022,138,"St Mary's CA","UCLA",-16,"train",-3.9502432544777,12.0497567455223
2022,139,"Arizona","TCU",5,"train",6.42713974188361,1.42713974188361
2022,139,"Michigan St","Duke",-9,"train",-8.00108818164258,0.998911818357424
2022,139,"Houston","Illinois",15,"train",5.73468053240035,9.26531946759965
2022,139,"Iowa St","Wisconsin",5,"train",-5.10740031862863,10.1074003186286
2022,139,"Auburn","Miami FL",-18,"train",7.83072489428586,25.8307248942859
2022,139,"Purdue","Texas",10,"train",1.43185589823824,8.56814410176176
2022,139,"Notre Dame","Texas Tech",-6,"train",-9.16744782901132,3.16744782901132
2022,139,"Ohio St","Villanova",-10,"train",-7.15153352134871,2.84846647865129
2022,143,"Gonzaga","Arkansas",-6,"train",7.33718953827232,13.3371895382723
2022,143,"Texas Tech","Duke",-5,"train",-0.539762869826599,4.4602371301734
2022,143,"Houston","Arizona",12,"train",-0.734846920771269,12.7348469207713
2022,143,"Michigan","Villanova",-8,"train",-9.59022254520973,1.59022254520973
2022,144,"Providence","Kansas",-5,"train",-4.73648594104012,0.263514058959884
2022,144,"Iowa St","Miami FL",-14,"train",-0.0257430632597948,13.9742569367402
2022,144,"UCLA","North Carolina",-7,"train",8.36832892668279,15.3683289266828
2022,144,"St Peter's","Purdue",3,"train",-10.638964549922,13.638964549922
2022,145,"Arkansas","Duke",-9,"train",-5.15659864864888,3.84340135135112
2022,145,"Villanova","Houston",6,"train",2.42607479836912,3.57392520163088
2022,146,"Miami FL","Kansas",-26,"train",-12.7027116405115,13.2972883594885
2022,146,"North Carolina","St Peter's",20,"train",8.1816904952196,11.8183095047804
2022,152,"Kansas","Villanova",16,"train",2.15897823190632,13.8410217680937
2022,152,"North Carolina","Duke",4,"train",-4.38127260549137,8.38127260549136
2022,154,"Kansas","North Carolina",3,"train",9.47024674825743,6.47024674825743
2023,134,"Mississippi St","Pittsburgh",-1,"test",0.385513871622536,1.38551387162254
2023,134,"TAM C. Christi","SE Missouri St",4,"test",2.92142496619517,1.07857503380483
2023,135,"Arizona St","Nevada",25,"test",-1.05559610763912,26.0555961076391
2023,135,"TX Southern","F Dickinson",-23,"test",0.410145558842598,23.4101455588426
2023,136,"Alabama","TAM C. Christi",21,"test",12.7346108071595,8.26538919284046
2023,136,"Illinois","Arkansas",-10,"test",0.0819610520049316,10.0819610520049
2023,136,"Iowa","Auburn",-8,"test",0.29163905621134,8.29163905621134
2023,136,"Oral Roberts","Duke",-23,"test",-4.19561539307777,18.8043846069222
2023,136,"Furman","Virginia",1,"test",-5.77677621249392,6.77677621249392
2023,136,"N Kentucky","Houston",-11,"test",-19.4800818044099,8.4800818044099
2023,136,"Kansas","Howard",28,"test",14.5794931788452,13.4205068211548
2023,136,"Maryland","West Virginia",2,"test",0.859789769933732,1.14021023006627
2023,136,"Missouri","Utah St",11,"test",-0.221839110943699,11.2218391109437
2023,136,"Northwestern","Boise St",8,"test",1.98206642486787,6.01793357513213
2023,136,"Texas A&M","Penn St",-17,"test",2.46323945116335,19.4632394511634
2023,136,"Princeton","Arizona",4,"test",-11.8686688638609,15.8686688638609
2023,136,"Col Charleston","San Diego St",-6,"test",-0.747716917310283,5.25228308268972
2023,136,"Louisiana","Tennessee",-3,"test",-10.6150528211094,7.61505282110945
2023,136,"Texas","Colgate",20,"test",8.69840513895632,11.3015948610437
2023,136,"UCLA","UNC Asheville",33,"test",16.5851184312521,16.4148815687479
2023,137,"Baylor","UC Santa Barbara",18,"test",10.8546113207898,7.14538867921019
2023,137,"Iona","Connecticut",-24,"test",-8.31777527183293,15.6822247281671
2023,137,"Creighton","NC State",9,"test",1.47915623310791,7.5208437668921
2023,137,"F Dickinson","Purdue",5,"test",-17.6003977597904,22.6003977597904
2023,137,"Memphis","FL Atlantic",-1,"test",-0.58877731725457,0.41122268274543
2023,137,"Gonzaga","Grand Canyon",12,"test",10.9636809056887,1.03631909431131
2023,137,"Kent","Indiana",-11,"test",-3.68464887288006,7.31535112711994
2023,137,"Kansas St","Montana St",12,"test",9.01236531960902,2.98763468039098
2023,137,"Providence","Kentucky",-8,"test",-1.85524163262807,6.14475836737193
2023,137,"Marquette","Vermont",17,"test",10.0809527777654,6.9190472222346
2023,137,"Drake","Miami FL",-7,"test",-5.92384132191877,1.07615867808123
2023,137,"Michigan St","USC",10,"test",2.24248036010114,7.75751963989886
2023,137,"Iowa St","Pittsburgh",-18,"test",6.67542917139,24.67542917139
2023,137,"VCU","St Mary's CA",-12,"test",-3.72453230080027,8.27546769919973
2023,137,"Arizona St","TCU",-2,"test",-6.99646311060861,4.99646311060861
2023,137,"Xavier","Kennesaw",5,"test",10.8957034300196,5.89570343001961
2023,138,"Maryland","Alabama",-22,"test",-7.93565915322446,14.0643408467755
2023,138,"Kansas","Arkansas",-1,"test",5.58983505894591,6.58983505894591
2023,138,"Auburn","Houston",-17,"test",-12.3721781374698,4.62782186253018
2023,138,"Missouri","Princeton",-15,"test",2.3712105816082,17.3712105816082
2023,138,"Furman","San Diego St",-23,"test",-3.92823721527173,19.0717627847283
2023,138,"Duke","Tennessee",-13,"test",-4.25913949461779,8.74086050538221
2023,138,"Texas","Penn St",5,"test",7.15706327680889,2.15706327680889
2023,138,"Northwestern","UCLA",-5,"test",-7.32933067901042,2.32933067901042
2023,139,"Connecticut","St Mary's CA",15,"test",3.5487087614753,11.4512912385247
2023,139,"Baylor","Creighton",-9,"test",3.45384730903608,12.4538473090361
2023,139,"F Dickinson","FL Atlantic",-8,"test",-11.2341346669499,3.23413466694989
2023,139,"TCU","Gonzaga",-3,"test",-2.87456114368852,0.12543885631148
2023,139,"Kentucky","Kansas St",-6,"test",-0.0185792498206745,5.98142075017933
2023,139,"Miami FL","Indiana",16,"test",-1.24582933902049,17.2458293390205
2023,139,"Michigan St","Marquette",9,"test",-4.91087890940385,13.9108789094039
2023,139,"Pittsburgh","Xavier",-11,"test",-8.42746706810419,2.57253293189581
2023,143,"Connecticut","Arkansas",23,"test",8.50996943966735,14.4900305603326
2023,143,"Tennessee","FL Atlantic",-7,"test",5.57343653741979,12.5734365374198
2023,143,"UCLA","Gonzaga",-3,"test",7.0616703449123,10.0616703449123
2023,143,"Kansas St","Michigan St",5,"test",2.86998894482291,2.13001105517709
2023,144,"Creighton","Princeton",11,"test",4.27948557846038,6.72051442153962
2023,144,"Houston","Miami FL",-14,"test",7.93550112597573,21.9355011259757
2023,144,"San Diego St","Alabama",7,"test",-2.19328736034888,9.19328736034888
2023,144,"Texas","Xavier",12,"test",-0.123449483852397,12.1234494838524
2023,145,"Gonzaga","Connecticut",-28,"test",-0.54769572971381,27.4523042702862
2023,145,"Kansas St","FL Atlantic",-3,"test",1.41547620215124,4.41547620215124
2023,146,"Texas","Miami FL",-7,"test",1.30500465436453,8.30500465436453
2023,146,"San Diego St","Creighton",1,"test",1.51470768483854,0.514707684838537
2023,152,"Connecticut","Miami FL",13,"test",6.58229690643579,6.41770309356421
2023,152,"FL Atlantic","San Diego St",-1,"test",2.03910749535372,3.03910749535372
2023,154,"Connecticut","San Diego St",17,"test",8.32126426414461,8.67873573585539
2024,134,"Virginia","Colorado St",-25,"test",-4.25776090861567,20.7422390913843
2024,134,"Wagner","Howard",3,"test",0.429638907858155,2.57036109214185
2024,135,"Boise St","Colorado",-7,"test",-0.53693756480547,6.46306243519453
2024,135,"Montana St","Grambling",-7,"test",2.22716818677704,9.22716818677704
2024,136,"Arizona","Long Beach St",20,"test",12.5974188234131,7.40258117658688
2024,136,"Akron","Creighton",-17,"test",-9.24408588081979,7.75591411918021
2024,136,"Dayton","Nevada",3,"test",5.73937317338508,2.73937317338508
2024,136,"Duquesne","BYU",4,"test",-5.60822405013765,9.60822405013765
2024,136,"Gonzaga","McNeese St",21,"test",4.80719086336683,16.1928091366332
2024,136,"Illinois","Morehead St",16,"test",10.7856088687011,5.21439113129895
2024,136,"S Dakota St","Iowa St",-17,"test",-14.928347585493,2.07165241450702
2024,136,"Samford","Kansas",-4,"test",-6.79074857636355,2.79074857636355
2024,136,"Michigan St","Mississippi St",18,"test",1.88309450966323,16.1169054903368
2024,136,"NC State","Texas Tech",13,"test",-4.46255403142122,17.4625540314212
2024,136,"Wagner","North Carolina",-28,"test",-19.9668173751977,8.03318262480232
2024,136,"Oakland","Kentucky",4,"test",-11.2402607531389,15.2402607531389
2024,136,"Oregon","South Carolina",14,"test",1.06885759218457,12.9311424078154
2024,136,"St Peter's","Tennessee",-34,"test",-12.2327992102835,21.7672007897165
2024,136,"Colorado St","Texas",-12,"test",-2.38623208290828,9.61376791709172
2024,136,"Washington St","Drake",5,"test",3.50850728815451,1.49149271184549
2024,137,"Col Charleston","Alabama",-13,"test",-3.94113589164772,9.05886410835228
2024,137,"Baylor","Colgate",25,"test",11.8683330646293,13.1316669353707
2024,137,"Clemson","New Mexico",21,"test",3.53712292578434,17.4628770742157
2024,137,"Florida","Colorado",-2,"test",7.06139360111502,9.06139360111503
2024,137,"Connecticut","Stetson",39,"test",19.0210504569564,19.9789495430436
2024,137,"Duke","Vermont",17,"test",8.70061565897931,8.29938434102069
2024,137,"Grand Canyon","St Mary's CA",9,"test",-5.12559723769188,14.1255972376919
2024,137,"Longwood","Houston",-40,"test",-15.4562299062383,24.5437700937617
2024,137,"Wisconsin","James Madison",-11,"test",4.39356835017975,15.3935683501797
2024,137,"Marquette","WKU",18,"test",7.62109912652727,10.3789008734727
2024,137,"Northwestern","FL Atlantic",12,"test",-2.12506524234727,14.1250652423473
2024,137,"Grambling","Purdue",-28,"test",-20.7025341334826,7.29746586651737
2024,137,"UAB","San Diego St",-4,"test",-8.69839477902109,4.69839477902109
2024,137,"Nebraska","Texas A&M",-15,"test",0.226318119813783,15.2263181198138
2024,137,"TCU","Utah St",-16,"test",1.32996181108313,17.3299618110831
2024,137,"Auburn","Yale",-2,"test",8.94855414861397,10.948554148614
2024,138,"Arizona","Dayton",10,"test",3.87035591287724,6.12964408712276
2024,138,"Oregon","Creighton",-13,"test",-3.28617188222256,9.71382811777744
2024,138,"Kansas","Gonzaga",-21,"test",0.997011491513825,21.9970114915138
2024,138,"Illinois","Duquesne",26,"test",8.90323360357363,17.0967663964264
2024,138,"Iowa St","Washington St",11,"test",7.9057684044898,3.0942315955102
2024,138,"NC State","Oakland",6,"test",4.723875487798,1.27612451220199
2024,138,"Michigan St","North Carolina",-16,"test",-8.14336584159371,7.85663415840629
2024,138,"Tennessee","Texas",4,"test",5.75997191813569,1.75997191813569
2024,139,"Alabama","Grand Canyon",11,"test",4.4056602175298,6.5943397824702
2024,139,"Baylor","Clemson",-8,"test",5.01749522074208,13.0174952207421
2024,139,"Northwestern","Connecticut",-17,"test",-10.4806012412593,6.51939875874067
2024,139,"James Madison","Duke",-38,"test",-5.88529019086583,32.1147098091342
2024,139,"Houston","Texas A&M",5,"test",9.65414899923934,4.65414899923934
2024,139,"Marquette","Colorado",4,"test",5.47217881923562,1.47217881923562
2024,139,"Utah St","Purdue",-39,"test",-10.1144622851955,28.8855377148045
2024,139,"Yale","San Diego St",-28,"test",-5.36608921439459,22.6339107856054
2024,143,"Alabama","North Carolina",2,"test",-5.24005847476813,7.24005847476813
2024,143,"Clemson","Arizona",5,"test",-6.95838230298737,11.9583823029874
2024,143,"Connecticut","San Diego St",30,"test",9.71880890351483,20.2811910964852
2024,143,"Illinois","Iowa St",3,"test",-1.63837396981947,4.63837396981947
2024,144,"Houston","Duke",-3,"test",2.65560006734366,5.65560006734366
2024,144,"Marquette","NC State",-9,"test",5.34441879882422,14.3444187988242
2024,144,"Purdue","Gonzaga",12,"test",2.79230381900467,9.20769618099533
2024,144,"Creighton","Tennessee",-7,"test",-4.07287448962695,2.92712551037305
2024,145,"Clemson","Alabama",-7,"test",0.447272340499162,7.44727234049916
2024,145,"Illinois","Connecticut",-25,"test",-2.72980711836031,22.2701928816397
2024,146,"Duke","NC State",-12,"test",7.7022657862661,19.7022657862661
2024,146,"Purdue","Tennessee",6,"test",0.264124689759585,5.73587531024041
2024,152,"Connecticut","Alabama",14,"test",9.59976028770784,4.40023971229216
2024,152,"NC State","Purdue",-13,"test",-10.2622011665206,2.73779883347943
2024,154,"Connecticut","Purdue",15,"test",3.61909468661214,11.3809053133879
2025,134,"St Francis PA","Alabama St",-2,"test",-1.49402635934532,0.505973640654676
2025,134,"North Carolina","San Diego St",27,"test",6.36634683249242,20.6336531675076
2025,135,"Mt St Mary's","American Univ",11,"test",0.874689956807794,10.1253100431922
2025,135,"Texas","Xavier",-6,"test",-1.94883695727544,4.05116304272456
2025,136,"Arkansas","Kansas",7,"test",-4.06429060279491,11.0642906027949
2025,136,"Alabama St","Auburn",-20,"test",-19.4555134257064,0.544486574293579
2025,136,"VCU","BYU",-9,"test",3.94420498043875,12.9442049804387
2025,136,"Louisville","Creighton",-14,"test",3.37753263921591,17.3775326392159
2025,136,"Drake","Missouri",10,"test",-2.53031071498527,12.5303107149853
2025,136,"Georgia","Gonzaga",-21,"test",-4.05795733165693,16.9420426683431
2025,136,"SIUE","Houston",-38,"test",-18.5699663890958,19.4300336109042
2025,136,"McNeese St","Clemson",2,"test",-4.60406962580313,6.60406962580313
2025,136,"Michigan","UC San Diego",3,"test",4.39150202931468,1.39150202931468
2025,136,"Purdue","High Point",12,"test",2.65262334119446,9.34737665880554
2025,136,"St John's","NE Omaha",30,"test",13.6887816807113,16.3112183192887
2025,136,"Wofford","Tennessee",-15,"test",-13.910876724178,1.08912327582201
2025,136,"Yale","Texas A&M",-9,"test",-5.55569735109884,3.44430264890116
2025,136,"UNC Wilmington","Texas Tech",-10,"test",-12.0362309554876,2.03623095548762
2025,136,"Utah St","UCLA",-25,"test",-3.70067124883695,21.299328751163
2025,136,"Wisconsin","Montana",19,"test",16.8971387431123,2.1028612568877
2025,137,"Robert Morris","Alabama",-9,"test",-8.08156837214366,0.918431627856343
2025,137,"Arizona","Akron",28,"test",8.51299997187986,19.4870000281201
2025,137,"Mississippi St","Baylor",-3,"test",-0.428530508858166,2.57146949114183
2025,137,"Colorado St","Memphis",8,"test",-5.55895619022688,13.5589561902269
2025,137,"Oklahoma","Connecticut",-8,"test",-3.7584457211885,4.2415542788115
2025,137,"Duke","Mt St Mary's",44,"test",19.2833288022015,24.7166711977985
2025,137,"Florida","Norfolk St",26,"test",19.984186020111,6.01581397988898
2025,137,"Xavier","Illinois",-13,"test",-2.64040323984055,10.3595967601595
2025,137,"Lipscomb","Iowa St",-27,"test",-8.58475766314981,18.4152423368502
2025,137,"Kentucky","Troy",19,"test",10.095217609538,8.90478239046204
2025,137,"Maryland","Grand Canyon",32,"test",7.87453915608042,24.1254608439196
2025,137,"Michigan St","Bryant",25,"test",13.3599270964939,11.6400729035061
2025,137,"North Carolina","Mississippi",-7,"test",3.03184812028256,10.0318481202826
2025,137,"New Mexico","Marquette",9,"test",-3.05472689011303,12.054726890113
2025,137,"Liberty","Oregon",-29,"test",-1.46456099493285,27.5354390050671
2025,137,"St Mary's CA","Vanderbilt",3,"test",5.53057421290003,2.53057421290003
2025,138,"St John's","Arkansas",-9,"test",8.48085172426343,17.4808517242634
2025,138,"Creighton","Auburn",-12,"test",-12.9952020971169,0.995202097116874
2025,138,"Wisconsin","BYU",-2,"test",6.17562233099277,8.17562233099277
2025,138,"Gonzaga","Houston",-5,"test",-4.93365413801094,0.0663458619890562
2025,138,"Texas A&M","Michigan",-12,"test",-1.30451141761005,10.69548858239
2025,138,"McNeese St","Purdue",-14,"test",-2.83343162860213,11.1665683713979
2025,138,"Tennessee","UCLA",9,"test",5.15307951967781,3.84692048032219
2025,138,"Drake","Texas Tech",-13,"test",-8.65541632896731,4.34458367103269
2025,139,"Alabama","St Mary's CA",14,"test",-0.148965564729125,14.1489655647291
2025,139,"Oregon","Arizona",-4,"test",1.35439567533218,5.35439567533218
2025,139,"Duke","Baylor",23,"test",9.56625360604339,13.4337463939566
2025,139,"Florida","Connecticut",2,"test",9.00273361092218,7.00273361092218
2025,139,"Kentucky","Illinois",9,"test",4.36079621421993,4.63920378578007
2025,139,"Maryland","Colorado St",1,"test",8.16247908776272,7.16247908776272
2025,139,"New Mexico","Michigan St",-8,"test",-9.26946792111517,1.26946792111517
2025,139,"Mississippi","Iowa St",13,"test",-5.40351252395762,18.4035125239576
2025,143,"BYU","Alabama",-25,"test",-3.27096120946556,21.7290387905344
2025,143,"Arizona","Duke",-7,"test",-10.4948220085435,3.49482200854351
2025,143,"Maryland","Florida",-16,"test",-4.17862942776393,11.8213705722361
2025,143,"Texas Tech","Arkansas",2,"test",10.2171714401341,8.21717144013411
2025,144,"Michigan","Auburn",-13,"test",-2.98807285287584,10.0119271471242
2025,144,"Purdue","Houston",-2,"test",-7.94124814327276,5.94124814327276
2025,144,"Michigan St","Mississippi",3,"test",8.69406243112618,5.69406243112618
2025,144,"Tennessee","Kentucky",13,"test",3.84153105625561,9.15846894374439
2025,145,"Duke","Alabama",20,"test",7.2195201264973,12.7804798735027
2025,145,"Florida","Texas Tech",5,"test",3.78588515252266,1.21411484747734
2025,146,"Auburn","Michigan St",6,"test",0.982072315175807,5.01792768482419
2025,146,"Houston","Tennessee",19,"test",5.01936050855179,13.9806394914482
2025,152,"Auburn","Florida",-6,"test",0.358084818144464,6.35808481814446
2025,152,"Duke","Houston",-3,"test",2.67566348026718,5.67566348026718
2025,154,"Florida","Houston",2,"test",3.07509113976411,1.07509113976411
