YEAR,CURRENT_ROUND,TEAM1,TEAM2,POINT_DIFFERENTIAL,SPLIT,PRED_MARGIN,ABS_ERROR,SQ_ERROR
2008,2,Memphis,Kansas,-7,train,-2.250288786693387,4.749711213306613,22.559756609810577
2008,4,UCLA,Memphis,-15,train,-0.7729576864883605,14.227042313511639,202.4087329904506
2008,4,Kansas,North Carolina,18,train,6.851528626868205,11.148471373131795,124.28841395753912
2008,8,Xavier,UCLA,-19,train,-6.285379672502819,12.714620327497181,161.66157007240454
2008,8,Texas,Memphis,-18,train,-7.195149167468597,10.804850832531404,116.74480151325457
2008,8,Davidson,Kansas,-2,train,-7.144865981940506,5.144865981940506,26.469645972128646
2008,8,Louisville,North Carolina,-10,train,-1.0509393568773764,8.949060643122623,80.0856863942863
2008,16,West Virginia,Xavier,-4,train,0.031845409283899784,4.0318454092839,16.255777404363656
2008,16,Western Kentucky,UCLA,-10,train,-11.915450311318866,1.9154503113188657,3.6689498951315396
2008,16,Texas,Stanford,20,train,0.6258193571524742,19.374180642847527,375.3588755816878
2008,16,Michigan St.,Memphis,-18,train,-7.857281665836981,10.14271833416302,102.87473520616666
2008,16,Davidson,Wisconsin,17,train,-5.018982194857484,22.018982194857486,484.835576897451
2008,16,Villanova,Kansas,-15,train,-11.37400367789976,3.6259963221002405,13.14784932788447
2008,16,Tennessee,Louisville,-19,train,-2.3138815018238206,16.686118498176178,278.4265505351772
2008,16,Washington St.,North Carolina,-21,train,2.361668169376438,23.361668169376436,545.7675396560562
2008,32,Duke,West Virginia,-6,train,5.326927876470895,11.326927876470895,128.29929511877347
2008,32,Xavier,Purdue,7,train,2.6695942101751156,4.330405789824884,18.752414304548882
2008,32,San Diego,Western Kentucky,-9,train,-7.407393623232925,1.5926063767670753,2.536395071319151
2008,32,Texas A&M,UCLA,-2,train,-6.606422437699924,4.606422437699924,21.21912767454531
2008,32,Texas,Miami FL,3,train,6.721362046066112,3.721362046066112,13.84853547790136
2008,32,Stanford,Marquette,1,train,0.8065910565798973,0.19340894342010273,0.037407019394880496
2008,32,Pittsburgh,Michigan St.,-11,train,-2.709053392405343,8.290946607594657,68.73979564998535
2008,32,Mississippi St.,Memphis,-3,train,-8.802000333029712,5.802000333029712,33.66320786447689
2008,32,Georgetown,Davidson,-4,train,3.9835496969060795,7.9835496969060795,63.73706576296915
2008,32,Wisconsin,Kansas St.,17,train,10.287484337151511,6.712515662848489,45.057866523986284
2008,32,Siena,Villanova,-12,train,-6.222428434015972,5.777571565984028,33.38033320006713
2008,32,UNLV,Kansas,-19,train,-10.665739902314398,8.334260097685602,69.45989137587442
2008,32,Tennessee,Butler,5,train,3.702962787613636,1.297037212386364,1.68230553031499
2008,32,Louisville,Oklahoma,30,train,4.522093364622551,25.47790663537745,649.1237265210103
2008,32,Washington St.,Notre Dame,20,train,6.750154286338068,13.249845713661932,175.55841143584547
2008,32,Arkansas,North Carolina,-31,train,-6.4537734039349015,24.546226596065097,602.5172401053735
2008,64,Belmont,Duke,-1,train,-20.548628797043264,19.548628797043264,382.1488878445892
2008,64,Arizona,West Virginia,-10,train,1.0840354046821883,11.084035404682188,122.85584085224824
2008,64,Georgia,Xavier,-12,train,-8.550587367430845,3.449412632569155,11.898447509727669
2008,64,Baylor,Purdue,-11,train,-2.695941165702801,8.304058834297198,68.95739312346934
2008,64,San Diego,Connecticut,1,train,-10.788273591881815,11.788273591881815,138.9633942770582
2008,64,Western Kentucky,Drake,2,train,-3.010701372339464,5.010701372339464,25.10712824276459
2008,64,Texas A&M,BYU,5,train,6.144589390267869,1.1445893902678694,1.310084872313773
2008,64,Mississippi Valley St.,UCLA,-41,train,-37.60017636813989,3.3998236318601087,11.55880072775446
2008,64,Austin Peay,Texas,-20,train,-23.534849097365125,3.534849097365125,12.49515814114304
2008,64,Saint Mary's,Miami FL,-14,train,-0.5259817129735733,13.474018287026427,181.54916879912255
2008,64,Cornell,Stanford,-24,train,-11.83343406601198,12.16656593398802,148.02532662607777
2008,64,Kentucky,Marquette,-8,train,-7.114843907922069,0.8851560920779313,0.7835013073426752
2008,64,Oral Roberts,Pittsburgh,-19,train,-10.389342134226624,8.610657865773376,74.14342888140492
2008,64,Temple,Michigan St.,-11,train,-6.800514573316254,4.199485426683746,17.635677848929166
2008,64,Oregon,Mississippi St.,-7,train,0.6338952257953281,7.633895225795328,58.2763563184207
2008,64,UT Arlington,Memphis,-24,train,-23.149029563331524,0.8509704366684758,0.7241506840837364
2008,64,UMBC,Georgetown,-19,train,-16.41498964881554,2.5850103511844615,6.682278515730813
2008,64,Davidson,Gonzaga,6,train,-1.1070994546260151,7.107099454626015,50.510862657945395
2008,64,Cal St. Fullerton,Wisconsin,-15,train,-14.510949076232592,0.4890509237674081,0.23917080603775523
2008,64,Kansas St.,USC,13,train,-0.20051394811633605,13.200513948116336,174.25356849441394
2008,64,Siena,Vanderbilt,21,train,-5.361797273959047,26.36179727395905,694.9443555133147
2008,64,Villanova,Clemson,6,train,-6.032133825145945,12.032133825145944,144.7722443862212
2008,64,Kent St.,UNLV,-13,train,-0.4471646646239873,12.552835335376013,157.5736749570646
2008,64,Portland St.,Kansas,-24,train,-18.984722152747445,5.015277847252555,25.153011885142227
2008,64,American,Tennessee,-15,train,-12.59913260593119,2.4008673940688094,5.764164243902756
2008,64,South Alabama,Butler,-20,train,-3.963900365807764,16.036099634192237,257.15649147774036
2008,64,Boise St.,Louisville,-18,train,-16.8142555448542,1.1857444551458016,1.4059899129090139
2008,64,Saint Joseph's,Oklahoma,-8,train,-1.0238675588303383,6.9761324411696615,48.66642383673978
2008,64,Winthrop,Washington St.,-31,train,-8.082176150141795,22.917823849858205,525.2266500131295
2008,64,George Mason,Notre Dame,-18,train,-5.853874400825978,12.146125599174022,147.5283670709105
2008,64,Arkansas,Indiana,14,train,-3.1601345334876303,17.16013453348763,294.4702172073947
2008,64,Mount St. Mary's,North Carolina,-39,train,-22.24837748215107,16.75162251784893,280.6168569805033
2009,2,North Carolina,Michigan St.,17,train,4.094340915694206,12.905659084305794,166.55603640032467
2009,4,North Carolina,Villanova,14,train,5.0308158493823045,8.969184150617696,80.4462643276917
2009,4,Connecticut,Michigan St.,-9,train,3.6085367473883316,12.608536747388332,158.97519891024194
2009,8,Oklahoma,North Carolina,-12,train,-4.406982749880585,7.593017250119415,57.653910960611
2009,8,Villanova,Pittsburgh,2,train,-3.6525672015426816,5.6525672015426816,31.951515967956063
2009,8,Missouri,Connecticut,-7,train,-3.730290983260991,3.269709016739009,10.690997054144377
2009,8,Michigan St.,Louisville,12,train,-2.8575955543472733,14.857595554347274,220.74814565655987
2009,16,Oklahoma,Syracuse,13,train,0.5081402167700402,12.491859783229959,156.04656084387804
2009,16,Gonzaga,North Carolina,-21,train,-0.6929063351555458,20.307093664844455,412.3780531127658
2009,16,Duke,Villanova,-23,train,3.1004537178237683,26.10045371782377,681.2336842762605
2009,16,Xavier,Pittsburgh,-5,train,-3.701295568893351,1.298704431106649,1.6866331993760446
2009,16,Memphis,Missouri,-11,train,4.452792310089838,15.452792310089837,238.7887901787716
2009,16,Purdue,Connecticut,-12,train,-3.8522028998900866,8.147797100109914,66.38659758455952
2009,16,Michigan St.,Kansas,5,train,0.7588764455061021,4.241123554493898,17.987129004482956
2009,16,Arizona,Louisville,-39,train,-10.572449667840822,28.42755033215918,808.1256178874435
2009,32,Oklahoma,Michigan,10,train,4.174152982171771,5.825847017828229,33.94049347513807
2009,32,Syracuse,Arizona St.,11,train,-0.02039962126668149,11.020399621266682,121.44920781241483
2009,32,Gonzaga,Western Kentucky,2,train,13.239166271236469,11.239166271236469,126.31885847249947
2009,32,LSU,North Carolina,-14,train,-7.052327892362983,6.947672107637017,48.27014771523739
2009,32,Duke,Texas,5,train,3.938309536998683,1.0616904630013169,1.1271866392279506
2009,32,Villanova,UCLA,20,train,-2.250288786693387,22.25028878669339,495.07535109125354
2009,32,Xavier,Wisconsin,11,train,-2.250288786693387,13.250288786693387,175.5701529307725
2009,32,Oklahoma St.,Pittsburgh,-8,train,-6.6004293203201705,1.3995706796798295,1.95879808741946
2009,32,Memphis,Maryland,19,train,6.337067616612579,12.662932383387421,160.34985654624182
2009,32,Missouri,Marquette,4,train,-0.2805246152462626,4.280524615246263,18.322890981729163
2009,32,Washington,Purdue,-2,train,0.677931170254741,2.677931170254741,7.171315352621927
2009,32,Texas A&M,Connecticut,-26,train,-9.07263288740106,16.92736711259894,286.53575736469617
2009,32,Michigan St.,USC,5,train,1.8755990406280523,3.1244009593719477,9.761881354924347
2009,32,Kansas,Dayton,17,train,8.620862819282987,8.379137180717013,70.20993989327425
2009,32,Cleveland St.,Arizona,-14,train,-9.03603683269991,4.96396316730009,24.640930326311942
2009,32,Siena,Louisville,-7,train,-9.106580703173115,2.1065807031731154,4.437682258981337
2009,64,Morgan St.,Oklahoma,-28,train,-18.37726171106715,9.622738288932851,92.59709217729433
2009,64,Michigan,Clemson,3,train,-5.8417574365100355,8.841757436510036,78.17667456608054
2009,64,Stephen F. Austin,Syracuse,-15,train,-11.699985808623037,3.300014191376963,10.890093663289353
2009,64,Temple,Arizona St.,-9,train,-6.359942593048574,2.640057406951426,6.969903111999087
2009,64,Akron,Gonzaga,-13,train,-10.34158118430048,2.6584188156995197,7.067190599665237
2009,64,Western Kentucky,Illinois,4,train,-9.052143455846362,13.052143455846362,170.35844879199303
2009,64,Butler,LSU,-4,train,-0.5926198844998845,3.4073801155001155,11.61023925150558
2009,64,Radford,North Carolina,-43,train,-23.23268513886076,19.76731486113924,390.7467368194163
2009,64,Binghamton,Duke,-24,train,-21.477245195961977,2.5227548040380228,6.364291801296923
2009,64,Minnesota,Texas,-14,train,-2.9591820310405583,11.040817968959441,121.89966142369768
2009,64,American,Villanova,-13,train,-12.020169838077129,0.9798301619228713,0.9600671462138002
2009,64,VCU,UCLA,-1,train,-5.140997634128463,4.140997634128463,17.14786140585753
2009,64,Portland St.,Xavier,-18,train,-11.193811885202999,6.806188114797001,46.324196654003956
2009,64,Wisconsin,Florida St.,2,train,8.293823053923258,6.2938230539232585,39.61220863409589
2009,64,Tennessee,Oklahoma St.,-2,train,-1.7804236827131825,0.21957631728681748,0.04821375911324114
2009,64,East Tennessee St.,Pittsburgh,-10,train,-15.938421015019571,5.938421015019571,35.26484415162608
2009,64,Cal St. Northridge,Memphis,-11,train,-17.78937142823228,6.789371428232279,46.09556439049682
2009,64,Maryland,California,13,train,-2.190858186107041,15.190858186107041,230.76217243041532
2009,64,Cornell,Missouri,-19,train,-11.970099779882426,7.0299002201175735,49.41949710480911
2009,64,Utah St.,Marquette,-1,train,-4.445589517693435,3.445589517693435,11.872087124438877
2009,64,Mississippi St.,Washington,-13,train,-6.574898003023568,6.425101996976432,41.281935671550535
2009,64,Northern Iowa,Purdue,-5,train,-9.009291336578318,4.009291336578318,16.074417021561956
2009,64,Texas A&M,BYU,13,train,-4.694734045595869,17.69473404559587,313.10361294436956
2009,64,Chattanooga,Connecticut,-56,train,-23.73448993612199,32.26551006387801,1041.0631396822132
2009,64,Robert Morris,Michigan St.,-15,train,-19.386101000548095,4.386101000548095,19.237881987009
2009,64,USC,Boston College,17,train,4.845640108317458,12.154359891682542,147.72846437654127
2009,64,North Dakota St.,Kansas,-10,train,-11.139176505067399,1.1391765050673985,1.2977231096975728
2009,64,Dayton,West Virginia,8,train,-10.078578302736096,18.078578302736098,326.8349934481604
2009,64,Cleveland St.,Wake Forest,15,train,-4.668373304091676,19.668373304091677,386.84490842910617
2009,64,Arizona,Utah,13,train,-1.6972224708477777,14.697222470847777,216.00834835759284
2009,64,Siena,Ohio St.,2,train,-7.423320007119074,9.423320007119074,88.79895995657061
2009,64,Morehead St.,Louisville,-20,train,-19.606476308356378,0.39352369164362244,0.15486089588482485
2010,2,Duke,Butler,2,train,8.906461444135564,6.906461444135564,47.6992096793311
2010,4,Duke,West Virginia,21,train,3.694589472792849,17.30541052720715,299.4772335151721
2010,4,Butler,Michigan St.,2,train,-2.250288786693387,4.250288786693387,18.064954770291546
2010,8,Baylor,Duke,-7,train,-6.81886651350417,0.18113348649583028,0.03280933993013513
2010,8,West Virginia,Kentucky,7,train,3.9749050649327806,3.0250949350672194,9.151199366169344
2010,8,Kansas St.,Butler,-7,train,3.9934610462059776,10.993461046205978,120.85618577444824
2010,8,Tennessee,Michigan St.,-1,train,-2.3534771646018995,1.3534771646018995,1.8319004350987973
2010,16,Saint Mary's,Baylor,-23,train,-2.125401381723659,20.87459861827634,435.7488674741445
2010,16,Purdue,Duke,-13,train,-4.2496884591842505,8.75031154081575,76.5679520613333
2010,16,West Virginia,Washington,13,train,7.311829190245222,5.688170809754778,32.35528716094633
2010,16,Cornell,Kentucky,-17,train,-8.209396258761076,8.790603741238924,77.27471413548376
2010,16,Kansas St.,Xavier,5,train,2.0574867013283695,2.9425132986716305,8.6583845128594
2010,16,Butler,Syracuse,4,train,-3.57880899508372,7.57880899508372,57.43834578396191
2010,16,Ohio St.,Tennessee,-3,train,6.9869435010329255,9.986943501032925,99.73904049282379
2010,16,Michigan St.,Northern Iowa,7,train,4.291816069015782,2.7081839309842177,7.33426020404113
2010,32,Villanova,Saint Mary's,-7,train,4.1779862576376345,11.177986257637635,124.94737677593581
2010,32,Baylor,Old Dominion,8,train,5.271299732653381,2.7287002673466194,7.445805149017512
2010,32,Purdue,Texas A&M,2,train,0.5154191654885776,1.4845808345114224,2.2039802541986315
2010,32,California,Duke,-15,train,-7.218860821840976,7.781139178159024,60.546126909881295
2010,32,West Virginia,Missouri,9,train,5.8032285435037085,3.1967714564962915,10.21934774506942
2010,32,New Mexico,Washington,-18,train,-2.5684149794648503,15.431585020535149,238.13381624600478
2010,32,Wisconsin,Cornell,-18,train,8.063778331315016,26.063778331315014,679.320540903926
2010,32,Wake Forest,Kentucky,-30,train,-7.533305737986408,22.46669426201359,504.7523510627944
2010,32,Kansas St.,BYU,12,train,0.03711391941421871,11.96288608058578,143.11064337707302
2010,32,Pittsburgh,Xavier,-3,train,1.5254610359155856,4.525461035915585,20.47979758759016
2010,32,Murray St.,Butler,-2,train,-3.4954487826151954,1.4954487826151954,2.23636706142527
2010,32,Gonzaga,Syracuse,-22,train,-5.918992601974119,16.081007398025882,258.59879893536316
2010,32,Ohio St.,Georgia Tech,9,train,6.2312167986592915,2.7687832013407085,7.666160416026503
2010,32,Ohio,Tennessee,-15,train,-7.090909208245873,7.909090791754127,62.55371715220993
2010,32,Maryland,Michigan St.,-2,train,1.4285675632303403,3.4285675632303403,11.755075535635234
2010,32,Northern Iowa,Kansas,2,train,-7.739310918883867,9.739310918883866,94.8541771746905
2010,64,Robert Morris,Villanova,-3,train,-21.21569591958255,18.21569591958255,331.8115778346964
2010,64,Saint Mary's,Richmond,9,train,3.136018560290479,5.863981439709521,34.38627832525775
2010,64,Sam Houston St.,Baylor,-9,train,-13.347484741677851,4.347484741677851,18.90062357912173
2010,64,Old Dominion,Notre Dame,1,train,-2.81330075655141,3.81330075655141,14.541262659915555
2010,64,Siena,Purdue,-8,train,-7.489141712590374,0.5108582874096257,0.26097618981509574
2010,64,Utah St.,Texas A&M,-16,train,-0.07782508353232531,15.922174916467675,253.5156540705924
2010,64,Louisville,California,-15,train,-3.054272954142306,11.945727045857694,142.700394654136
2010,64,Arkansas Pine Bluff,Duke,-29,train,-30.08666942769453,1.086669427694531,1.1808504450859596
2010,64,Morgan St.,West Virginia,-27,train,-17.32536317272229,9.674636827277709,93.5985977397181
2010,64,Missouri,Clemson,8,train,0.22003453752907687,7.779965462470923,60.5278625972404
2010,64,Montana,New Mexico,-5,train,-6.786824022074118,1.7868240220741178,3.1927400858611277
2010,64,Washington,Marquette,2,train,1.428654708146139,0.5713452918538611,0.3264354425235737
2010,64,Wofford,Wisconsin,-4,train,-10.12182800646275,6.121828006462749,37.47677814071168
2010,64,Cornell,Temple,13,train,-7.469743037894208,20.469743037894208,419.0103800374184
2010,64,Wake Forest,Texas,1,train,-3.6573015149601114,4.657301514960111,21.69045740124975
2010,64,East Tennessee St.,Kentucky,-29,train,-19.805216581421355,9.194783418578645,84.5440421145688
2010,64,North Texas,Kansas St.,-20,train,-19.385154196338128,0.614845803661872,0.3780353622806133
2010,64,Florida,BYU,-7,train,-4.4742391462054645,2.5257608537945355,6.3794678905609015
2010,64,Oakland,Pittsburgh,-23,train,-12.89304052601064,10.10695947398936,102.15062980886327
2010,64,Minnesota,Xavier,-11,train,1.6287956395699923,12.628795639569992,159.48647930602203
2010,64,Murray St.,Vanderbilt,1,train,-5.317236642486044,6.317236642486044,39.90747879716835
2010,64,UTEP,Butler,-18,train,-0.3636954452734149,17.636304554726586,311.0392383470697
2010,64,Florida St.,Gonzaga,-7,train,2.157476466630701,9.157476466630701,83.8593752368951
2010,64,Vermont,Syracuse,-23,train,-17.42950327132028,5.570496728679721,31.03043380423148
2010,64,UC Santa Barbara,Ohio St.,-17,train,-14.17895487808871,2.8210451219112898,7.958295579859484
2010,64,Georgia Tech,Oklahoma St.,5,train,2.1760819799473543,2.8239180200526457,7.974512983978054
2010,64,Ohio,Georgetown,14,train,-12.373864020562513,26.373864020562515,695.580703375122
2010,64,San Diego St.,Tennessee,-3,train,-0.653177036386005,2.3468229636139952,5.507578022545975
2010,64,Houston,Maryland,-12,train,-8.193094559268228,3.8069054407317715,14.492529034673163
2010,64,New Mexico St.,Michigan St.,-3,train,-11.096336248485104,8.096336248485104,65.55066064853384
2010,64,Northern Iowa,UNLV,3,train,2.400902434576226,0.599097565423774,0.3589178928966932
2010,64,Lehigh,Kansas,-16,train,-24.200827555547043,8.200827555547043,67.25357259581969
2011,2,Butler,Connecticut,-12,train,-3.6664631567428834,8.333536843257116,69.44783631792379
2011,4,Butler,VCU,8,train,3.1325737085880476,4.867426291411952,23.69183870232831
2011,4,Connecticut,Kentucky,1,train,-4.371828224919566,5.371828224919566,28.8565384780425
2011,8,Florida,Butler,-3,train,3.2329225109165165,6.2329225109165165,38.84932302708985
2011,8,VCU,Kansas,10,train,-12.41801884223099,22.418018842230993,502.5675688106238
2011,8,Connecticut,Arizona,2,train,0.7969954243109445,1.2030045756890555,1.4472200091288046
2011,8,North Carolina,Kentucky,-7,train,-2.250288786693387,4.749711213306613,22.559756609810577
2011,16,Florida,BYU,9,train,0.5299244970369559,8.470075502963045,71.74217902589469
2011,16,Wisconsin,Butler,-7,train,10.6959177337309,17.6959177337309,313.1455044389718
2011,16,Florida St.,VCU,-1,train,4.3048255906280515,5.3048255906280515,28.141174546982256
2011,16,Richmond,Kansas,-20,train,-7.819579560991493,12.180420439008508,148.3626420710162
2011,16,San Diego St.,Connecticut,-7,train,-0.04279028737608792,6.9572097126239125,48.40276698542851
2011,16,Arizona,Duke,16,train,-6.870443509619439,22.870443509619438,523.0571863266939
2011,16,North Carolina,Marquette,18,train,1.781905995155559,16.218094004844442,263.0265731499712
2011,16,Kentucky,Ohio St.,2,train,-4.030982052242273,6.030982052242273,36.372744514468415
2011,32,Florida,UCLA,8,train,5.442447111371456,2.5575528886285444,6.5410767781322114
2011,32,BYU,Gonzaga,22,train,2.610266414510569,19.38973358548943,375.9617685162568
2011,32,Wisconsin,Kansas St.,5,train,15.00455397376192,10.00455397376192,100.09110021391544
2011,32,Butler,Pittsburgh,1,train,-6.213883954885528,7.213883954885528,52.040121714554864
2011,32,Notre Dame,Florida St.,-14,train,9.272606634638185,23.272606634638187,541.6142195706053
2011,32,Purdue,VCU,-18,train,9.96124579248311,27.961245792483112,781.8312662676545
2011,32,Morehead St.,Richmond,-17,train,-5.941397152177034,11.058602847822966,122.29269694587822
2011,32,Illinois,Kansas,-14,train,-7.084543881165745,6.915456118834255,47.82353333152214
2011,32,San Diego St.,Temple,7,train,5.410914993542772,1.5890850064572284,2.5251911577471695
2011,32,Connecticut,Cincinnati,11,train,-0.07372886481193497,11.073728864811935,122.62747097136902
2011,32,Texas,Arizona,-1,train,4.402002404082445,5.402002404082445,29.181629973712518
2011,32,Michigan,Duke,-2,train,-10.187126257830972,8.187126257830972,67.02903636166538
2011,32,North Carolina,Washington,3,train,-1.0080504067931586,4.008050406793158,16.064468063394802
2011,32,Syracuse,Marquette,-4,train,2.252764439594242,6.252764439594242,39.09706313705429
2011,32,Kentucky,West Virginia,8,train,3.61909470677291,4.38090529322709,19.192331188225136
2011,32,George Mason,Ohio St.,-32,train,-8.721416560685723,23.278583439314275,541.8924469411169
2011,64,UC Santa Barbara,Florida,-28,train,-14.540921882830375,13.459078117169625,181.14678376407426
2011,64,Michigan St.,UCLA,-2,train,2.7037024571945194,4.703702457194519,22.12481680581776
2011,64,Wofford,BYU,-8,train,-7.438431222093214,0.5615687779067864,0.3153594923197216
2011,64,Gonzaga,St. John's,15,train,-0.4268929510532482,15.426892951053247,237.98902612325637
2011,64,Belmont,Wisconsin,-14,train,-4.782298409023903,9.217701590976098,84.9660226202833
2011,64,Utah St.,Kansas St.,-5,train,3.9519897590553352,8.951989759055335,80.1381206462316
2011,64,Old Dominion,Butler,-2,train,-1.4513699208447548,0.5486300791552452,0.3009949637538906
2011,64,UNC Asheville,Pittsburgh,-23,train,-18.041982445040517,4.958017554959483,24.581938075286406
2011,64,Akron,Notre Dame,-13,train,-13.971554053402148,0.9715540534021478,0.9439172786821436
2011,64,Florida St.,Texas A&M,7,train,0.45904414790982884,6.540955852090171,42.784103458992654
2011,64,Saint Peter's,Purdue,-22,train,-18.639457677478767,3.3605423225212334,11.293244701456405
2011,64,VCU,Georgetown,18,train,-7.662665469338775,25.662665469338776,658.5723989911928
2011,64,Morehead St.,Louisville,1,train,-12.476022805369206,13.476022805369206,181.60319065083092
2011,64,Richmond,Vanderbilt,3,train,-2.3271205701458957,5.327120570145896,28.378213568871534
2011,64,Illinois,UNLV,11,train,0.7903416669969348,10.209658333003066,104.23712327665895
2011,64,Boston University,Kansas,-19,train,-20.4493508270222,1.4493508270222009,2.1006178197899374
2011,64,Northern Colorado,San Diego St.,-18,train,-13.163522860395421,4.836477139604579,23.391511121917688
2011,64,Penn St.,Temple,-2,train,0.05990095595069356,2.0599009559506936,4.243191948326581
2011,64,Bucknell,Connecticut,-29,train,-12.67334606948866,16.32665393051134,266.55962856668145
2011,64,Missouri,Cincinnati,-15,train,-2.587381632136882,12.412618367863118,154.07309474621286
2011,64,Oakland,Texas,-4,train,-10.75339815992837,6.75339815992837,45.608386706523895
2011,64,Memphis,Arizona,-2,train,-5.736060481365755,3.7360604813657554,13.95814792042292
2011,64,Tennessee,Michigan,-30,train,-4.411184877309432,25.58881512269057,654.7874593832375
2011,64,Hampton,Duke,-42,train,-27.426196756835743,14.573803243164257,212.395740970465
2011,64,LIU Brooklyn,North Carolina,-15,train,-15.13236372737874,0.13236372737874014,0.01752015632559344
2011,64,Georgia,Washington,-3,train,-4.9289599960145924,1.9289599960145924,3.7208866662246165
2011,64,Indiana St.,Syracuse,-17,train,-13.175158749968562,3.8248412500314384,14.629410587942056
2011,64,Marquette,Xavier,11,train,-0.7453370455942445,11.745337045594244,137.95294231460852
2011,64,Princeton,Kentucky,-2,train,-13.94516168324939,11.94516168324939,142.6868876389694
2011,64,Clemson,West Virginia,-8,train,-0.9882558094350915,7.011744190564908,49.164556593920736
2011,64,Villanova,George Mason,-4,train,2.2805570414201153,6.280557041420115,39.44539675053179
2011,64,UTSA,Ohio St.,-29,train,-25.132279223411892,3.867720776588108,14.959264005651317
2012,2,Kansas,Kentucky,-8,train,-4.958944707068072,3.0410552929319277,9.248017294669292
2012,4,Kansas,Ohio St.,2,train,-2.311382160121751,4.311382160121751,18.588016130616094
2012,4,Louisville,Kentucky,-8,train,-9.550143428392492,1.5501434283924915,2.4029446485884276
2012,8,Kansas,North Carolina,13,train,3.867733106709946,9.132266893290055,83.39829861028159
2012,8,Ohio St.,Syracuse,7,train,3.0797989899938365,3.9202010100061635,15.367975958853345
2012,8,Florida,Louisville,-4,train,0.2950152297255846,4.295015229725585,18.447155823574715
2012,8,Baylor,Kentucky,-12,train,-7.351796650687495,4.648203349312505,21.605794376559988
2012,16,Kansas,North Carolina St.,3,train,6.3245212512474165,3.3245212512474165,11.052441549995688
2012,16,Ohio,North Carolina,-8,train,-9.92210708632904,1.9221070863290404,3.694495651316313
2012,16,Ohio St.,Cincinnati,15,train,8.793093878647241,6.206906121352759,38.52568359928635
2012,16,Wisconsin,Syracuse,-1,train,-0.44297039642590974,0.5570296035740903,0.3102819792579081
2012,16,Florida,Marquette,10,train,4.009805869844756,5.990194130155244,35.88242571694634
2012,16,Louisville,Michigan St.,13,train,-3.7826525430106717,16.78265254301067,281.65742637942253
2012,16,Xavier,Baylor,-5,train,-6.196431186603075,1.1964311866030748,1.4314475842764416
2012,16,Indiana,Kentucky,-12,train,-7.265860511768039,4.734139488231961,22.41207669403718
2012,32,Kansas,Purdue,3,train,4.010539179078419,1.0105391790784193,1.0211894324524855
2012,32,Georgetown,North Carolina St.,-3,train,2.6757576771129674,5.675757677112967,32.21422520930679
2012,32,Ohio,South Florida,6,train,-0.38104661189772715,6.381046611897727,40.71775586321146
2012,32,Creighton,North Carolina,-14,train,-6.416692011939453,7.583307988060547,57.5065600417829
2012,32,Ohio St.,Gonzaga,7,train,8.970834759240763,1.9708347592407627,3.884189648231595
2012,32,Florida St.,Cincinnati,-6,train,1.6401351650681204,7.64013516506812,58.37166534051047
2012,32,Wisconsin,Vanderbilt,3,train,-0.27090262939089205,3.270902629390892,10.69880401095625
2012,32,Kansas St.,Syracuse,-16,train,-5.547588240961057,10.452411759038943,109.25291158049558
2012,32,Norfolk St.,Florida,-34,train,-22.608320037678844,11.391679962321156,129.77037236394932
2012,32,Marquette,Murray St.,9,train,4.974780708639479,4.025219291360521,16.2023903435409
2012,32,Louisville,New Mexico,3,train,0.4435980860373321,2.556401913962668,6.535190745711992
2012,32,Saint Louis,Michigan St.,-4,train,-4.194024281115196,0.19402428111519576,0.03764542166226851
2012,32,Lehigh,Xavier,-12,train,-2.980375142666831,9.01962485733317,81.35363256702242
2012,32,Baylor,Colorado,17,train,7.440376564848279,9.559623435151721,91.386400221902
2012,32,Indiana,VCU,2,train,7.4023975131612385,5.4023975131612385,29.185898890210733
2012,32,Iowa St.,Kentucky,-16,train,-11.188397693877809,4.811602306122191,23.15151675228039
2012,64,Detroit,Kansas,-15,train,-14.103970865248103,0.8960291347518972,0.8028682103242335
2012,64,Purdue,Saint Mary's,3,train,3.2100460629314007,0.2100460629314007,0.04411934855298195
2012,64,Belmont,Georgetown,-15,train,-4.641958595202558,10.358041404797442,107.28902174349817
2012,64,North Carolina St.,San Diego St.,14,train,3.494219390927258,10.505780609072742,110.37142620596883
2012,64,Ohio,Michigan,5,train,-4.551623120571197,9.551623120571197,91.23350423743025
2012,64,South Florida,Temple,14,train,-1.163700826352137,15.163700826352137,229.9378227511125
2012,64,Alabama,Creighton,-1,train,0.8293318400397354,1.8293318400397354,3.346454980983164
2012,64,Vermont,North Carolina,-19,train,-14.932874251341337,4.067125748658663,16.54151185540229
2012,64,Loyola MD,Ohio St.,-19,train,-19.372591192087306,0.37259119208730596,0.13882419642103971
2012,64,West Virginia,Gonzaga,-23,train,-1.5834399050354493,21.416560094964552,458.6690463012281
2012,64,St. Bonaventure,Florida St.,-3,train,-7.175422671040283,4.175422671040283,17.434154481837172
2012,64,Texas,Cincinnati,-6,train,1.9283583336920973,7.928358333692097,62.85886586742493
2012,64,Montana,Wisconsin,-24,train,-10.809420049253125,13.190579950746875,173.99139943704543
2012,64,Harvard,Vanderbilt,-9,train,-2.7416085596382413,6.258391440361759,39.16746342079333
2012,64,Southern Miss,Kansas St.,-6,train,-4.254771736873391,1.7452282631266094,3.045821690415922
2012,64,UNC Asheville,Syracuse,-7,train,-18.276064495233122,11.276064495233122,127.149630500657
2012,64,Norfolk St.,Missouri,2,train,-20.435768349460623,22.435768349460623,503.3637014306591
2012,64,Virginia,Florida,-26,train,-4.664023460907728,21.33597653909227,455.22389487669585
2012,64,BYU,Marquette,-20,train,-4.192113748915849,15.80788625108415,249.88926772721533
2012,64,Colorado St.,Murray St.,-17,train,-6.792029783199769,10.20797021680023,104.20265594708054
2012,64,Davidson,Louisville,-7,train,-7.285567320006617,0.2855673200066171,0.08154869425576167
2012,64,Long Beach St.,New Mexico,-7,train,-4.542310443621628,2.457689556378372,6.040237955531319
2012,64,Saint Louis,Memphis,7,train,-0.5056042976314497,7.50560429763145,56.33409587262369
2012,64,LIU Brooklyn,Michigan St.,-22,train,-19.09764757277793,2.9023524272220698,8.42364961180184
2012,64,Lehigh,Duke,5,train,-11.165193684678693,16.16519368467869,261.31348686317585
2012,64,Xavier,Notre Dame,4,train,-0.8498362733680345,4.849836273368035,23.520911878476348
2012,64,South Dakota St.,Baylor,-8,train,-6.434065676886132,1.5659343231138676,2.4521503043060866
2012,64,Colorado,UNLV,4,train,-5.983668194053315,9.983668194053315,99.67363060895178
2012,64,New Mexico St.,Indiana,-13,train,-10.038376317597532,2.961623682402468,8.771214836167156
2012,64,VCU,Wichita St.,3,train,-5.089313994784288,8.089313994784288,65.43700090621293
2012,64,Connecticut,Iowa St.,-13,train,-1.3784614563081106,11.621538543691889,135.06015812251619
2012,64,Western Kentucky,Kentucky,-15,train,-24.08466369668961,9.08466369668961,82.53111448195013
2013,2,Michigan,Louisville,-6,train,-7.05988146326296,1.0598814632629603,1.123348716168434
2013,4,Syracuse,Michigan,-5,train,-3.38911004691038,1.61088995308962,2.5949664409650777
2013,4,Wichita St.,Louisville,-4,train,-8.545459329059309,4.545459329059309,20.661200512132304
2013,8,Marquette,Syracuse,-16,train,-3.6198843357460335,12.380115664253967,153.26726386030646
2013,8,Florida,Michigan,-20,train,2.5731844937878545,22.573184493787856,509.5486581905845
2013,8,Ohio St.,Wichita St.,-4,train,6.589573858817973,10.589573858817973,112.13907451136097
2013,8,Duke,Louisville,-22,train,-3.726450243845094,18.273549756154907,333.9226206906691
2013,16,Miami FL,Marquette,-10,train,1.494661190009471,11.49466119000947,132.12723587310992
2013,16,Syracuse,Indiana,11,train,-3.9984436132583907,14.998443613258392,224.95331082009145
2013,16,Florida Gulf Coast,Florida,-12,train,-14.49781422850783,2.4978142285078295,6.239075920136163
2013,16,Michigan,Kansas,2,train,-2.5758451046209756,4.575845104620976,20.938358421483752
2013,16,Ohio St.,Arizona,3,train,1.65489547437019,1.34510452562981,1.8093061848697962
2013,16,La Salle,Wichita St.,-14,train,-2.5470987070511244,11.452901292948876,131.16894802603005
2013,16,Duke,Michigan St.,10,train,2.0715881594090284,7.928411840590972,62.859714314023115
2013,16,Oregon,Louisville,-8,train,-8.283033844604077,0.283033844604077,0.0801081571913648
2013,32,Miami FL,Illinois,4,train,2.558901381070533,1.441098618929467,2.0767652294804173
2013,32,Marquette,Butler,2,train,2.48326486396875,0.48326486396875,0.23354492874673446
2013,32,Syracuse,California,6,train,5.237656126212512,0.7623438737874881,0.5811681819013136
2013,32,Temple,Indiana,-6,train,-13.078716293179347,7.0787162931793475,50.10822435932276
2013,32,Florida Gulf Coast,San Diego St.,10,train,-9.224140266900548,19.224140266900548,369.56756900146706
2013,32,Florida,Minnesota,14,train,6.134800377563531,7.865199622436469,61.861365100774776
2013,32,Michigan,VCU,25,train,4.704495381686539,20.295504618313462,411.90750771198304
2013,32,North Carolina,Kansas,-12,train,-6.659768554447919,5.340231445552081,28.518071892063265
2013,32,Ohio St.,Iowa St.,3,train,3.9671259546490054,0.9671259546490054,0.93533261215575
2013,32,Harvard,Arizona,-23,train,-9.357627273696366,13.642372726303634,186.11433360339325
2013,32,La Salle,Mississippi,2,train,-4.185159652223329,6.185159652223329,38.256199923491415
2013,32,Wichita St.,Gonzaga,6,train,-6.582587300604762,12.58258730060476,158.3215031773402
2013,32,Duke,Creighton,16,train,3.4793474861943547,12.520652513805645,156.76673937146762
2013,32,Michigan St.,Memphis,22,train,4.378968724981789,17.62103127501821,310.50074319516995
2013,32,Saint Louis,Oregon,-17,train,1.5199051695535601,18.51990516955356,342.9868874892567
2013,32,Colorado St.,Louisville,-26,train,-5.8479984732768,20.1520015267232,406.1031655330542
2013,64,Pacific,Miami FL,-29,train,-12.754898784684395,16.245101215315607,263.90331349584864
2013,64,Colorado,Illinois,-8,train,-1.3648715635701274,6.635128436429873,44.02492936792033
2013,64,Davidson,Marquette,-1,train,-6.540234697824272,5.540234697824272,30.694200506976003
2013,64,Bucknell,Butler,-12,train,-5.006440539816904,6.993559460183096,48.909873923116486
2013,64,Montana,Syracuse,-47,train,-15.651483863384437,31.348516136615565,982.7294639676464
2013,64,California,UNLV,3,train,-4.218114966265279,7.218114966265279,52.101183666222816
2013,64,Temple,North Carolina St.,4,train,-6.52810740502111,10.52810740502111,110.84104553166034
2013,64,James Madison,Indiana,-21,train,-22.996234859202275,1.996234859202275,3.9849536130943264
2013,64,Florida Gulf Coast,Georgetown,10,train,-14.826289905622266,24.826289905622268,616.3446704780022
2013,64,Oklahoma,San Diego St.,-15,train,-3.380771830317377,11.619228169682623,135.0064632591462
2013,64,Northwestern St.,Florida,-32,train,-16.538093285956045,15.461906714043955,239.07055923379755
2013,64,Minnesota,UCLA,20,train,7.015015323894826,12.984984676105174,168.6098270386862
2013,64,South Dakota St.,Michigan,-15,train,-15.517395441553122,0.5173954415531217,0.26769804293994975
2013,64,Akron,VCU,-46,train,-3.803294828106849,42.19670517189315,1780.5619273636742
2013,64,Villanova,North Carolina,-7,train,-3.322060178800685,3.677939821199315,13.52724132836365
2013,64,Western Kentucky,Kansas,-7,train,-18.042652694339573,11.042652694339573,121.94017852780503
2013,64,Iona,Ohio St.,-25,train,-11.888289228117452,13.111710771882548,171.91695936550084
2013,64,Iowa St.,Notre Dame,18,train,-0.8860368068321214,18.88603680683212,356.68238626901757
2013,64,Harvard,New Mexico,6,train,-9.362698012203694,15.362698012203694,236.01249021416734
2013,64,Belmont,Arizona,-17,train,-7.210953105038934,9.789046894961066,95.82543911174689
2013,64,La Salle,Kansas St.,2,train,-3.8570077158301723,5.857007715830172,34.30453938329417
2013,64,Mississippi,Wisconsin,11,train,-3.1876352838585893,14.18763528385859,201.2889949477892
2013,64,Wichita St.,Pittsburgh,18,train,-5.3911084370105815,23.39110843701058,547.1439539119875
2013,64,Southern,Gonzaga,-6,train,-23.004884597302954,17.004884597302954,289.16610016759125
2013,64,Albany,Duke,-12,train,-20.15731717374082,8.157317173740822,66.54182347300694
2013,64,Cincinnati,Creighton,-4,train,-3.087511875175564,0.9124881248244359,0.8326345779456152
2013,64,Valparaiso,Michigan St.,-11,train,-10.55424407382546,0.44575592617453985,0.19869834571972184
2013,64,Saint Mary's,Memphis,-2,train,1.1696316516752687,3.1696316516752687,10.046564807301692
2013,64,New Mexico St.,Saint Louis,-20,train,-7.7731878139138075,12.226812186086192,149.49493623382583
2013,64,Oregon,Oklahoma St.,13,train,-5.202783943153834,18.202783943153833,331.34134328113896
2013,64,Missouri,Colorado St.,-12,train,0.514033480194473,12.514033480194474,156.6010339434282
2013,64,North Carolina A&T,Louisville,-31,train,-28.866465984545655,2.1335340154543445,4.551967395100739
2014,2,Kentucky,Connecticut,-6,train,2.488643758842663,8.488643758842663,72.0570728645385
2014,4,Kentucky,Wisconsin,1,train,-0.3228509384362992,1.3228509384362992,1.7499346053217975
2014,4,Connecticut,Florida,10,train,-5.446261791509482,15.446261791509482,238.5870033318457
2014,8,Michigan,Kentucky,-3,train,1.2417393412715447,4.241739341271545,17.99235263929076
2014,8,Wisconsin,Arizona,1,train,-7.168297872878225,8.168297872878224,66.72109014006692
2014,8,Connecticut,Michigan St.,6,train,-3.659995580749985,9.659995580749985,93.31551462010924
2014,8,Dayton,Florida,-10,train,-9.541352950094804,0.45864704990519556,0.21035711638673896
2014,16,Michigan,Tennessee,2,train,-2.0985961158356146,4.098596115835615,16.798490120742787
2014,16,Louisville,Kentucky,-5,train,0.49451606357010913,5.494516063570109,30.189706772829968
2014,16,Wisconsin,Baylor,17,train,3.2480679689989476,13.751932031001052,189.11563458527274
2014,16,San Diego St.,Arizona,-6,train,-7.952960186630635,1.9529601866306354,3.8140534905643664
2014,16,Connecticut,Iowa St.,5,train,3.330727315023686,1.6692726849763142,2.786471296808033
2014,16,Michigan St.,Virginia,2,train,-1.560389334025387,3.5603893340253867,12.676372209841738
2014,16,Stanford,Dayton,-10,train,3.9808385908713575,13.980838590871357,195.4638477039978
2014,16,UCLA,Florida,-11,train,-3.835201710009721,7.164798289990279,51.33433453624763
2014,32,Michigan,Texas,14,train,8.40690308046729,5.5930969195327105,31.282733151286294
2014,32,Mercer,Tennessee,-20,train,-12.073856518341547,7.926143481658453,62.82375049183679
2014,32,Louisville,Saint Louis,15,train,10.172778483070742,4.827221516929258,23.30206757350481
2014,32,Kentucky,Wichita St.,2,train,-0.16390331367291067,2.1639033136729107,4.682477550924603
2014,32,Wisconsin,Oregon,8,train,2.41231989929969,5.58768010070031,31.222168907762228
2014,32,Creighton,Baylor,-30,train,2.8360988217428194,32.83609882174282,1078.2093858312603
2014,32,San Diego St.,North Dakota St.,19,train,4.072753545233409,14.92724645476659,222.82268672134177
2014,32,Gonzaga,Arizona,-23,train,-7.519925342439866,15.480074657560134,239.6327114036355
2014,32,Villanova,Connecticut,-12,train,2.833211469115305,14.833211469115305,220.02416248749384
2014,32,Iowa St.,North Carolina,2,train,-0.0421476240882348,2.042147624088235,4.170366918569222
2014,32,Michigan St.,Harvard,7,train,5.608504471579284,1.391495528420716,1.9362598056148477
2014,32,Memphis,Virginia,-18,train,-7.033828982963726,10.966171017036274,120.25690677488639
2014,32,Kansas,Stanford,-3,train,4.289886339593432,7.289886339593432,53.142442844190924
2014,32,Syracuse,Dayton,-2,train,5.161472204968973,7.161472204968973,51.286684142543166
2014,32,UCLA,Stephen F. Austin,17,train,9.591277361004625,7.408722638995375,54.88917114156259
2014,32,Pittsburgh,Florida,-16,train,-4.621257047681141,11.37874295231886,129.4757911749461
2014,64,Wofford,Michigan,-17,train,-21.557694417879652,4.557694417879652,20.772578406771345
2014,64,Arizona St.,Texas,-2,train,-0.650079114949272,1.349920885050728,1.8222863958961408
2014,64,Mercer,Duke,7,train,-16.535363591287418,23.535363591287418,553.9133393740974
2014,64,Tennessee,Massachusetts,19,train,12.71127376637066,6.28872623362934,39.548077641537866
2014,64,Manhattan,Louisville,-7,train,-12.49334637331456,5.49334637331456,30.176854377208233
2014,64,North Carolina St.,Saint Louis,-3,train,-5.1099166369566085,2.1099166369566085,4.451748214906285
2014,64,Kansas St.,Kentucky,-7,train,-5.812031566592946,1.187968433407054,1.41126899877161
2014,64,Cal Poly,Wichita St.,-27,train,-16.77560203757931,10.224397962420689,104.53831369395233
2014,64,American,Wisconsin,-40,train,-14.209170382289857,25.790829617710145,665.1668923697548
2014,64,BYU,Oregon,-19,train,-3.2092004199097772,15.790799580090223,249.34935137857755
2014,64,Louisiana Lafayette,Creighton,-10,train,-9.407672397761571,0.592327602238429,0.3508519883735265
2014,64,Nebraska,Baylor,-14,train,-2.362754967704071,11.63724503229593,135.4254719416963
2014,64,New Mexico St.,San Diego St.,-4,train,-8.068891649694987,4.0688916496949865,16.55587925695759
2014,64,North Dakota St.,Oklahoma,5,train,-2.9678801022417662,7.967880102241766,63.48711332370026
2014,64,Oklahoma St.,Gonzaga,-8,train,1.5866797924386864,9.586679792438687,91.90442944275227
2014,64,Weber St.,Arizona,-9,train,-23.7208149920735,14.7208149920735,216.7023940308559
2014,64,Milwaukee,Villanova,-20,train,-19.698331781084597,0.3016682189154025,0.09100371430359122
2014,64,Saint Joseph's,Connecticut,-8,train,-4.918323860884224,3.0816761391157756,9.496727826395514
2014,64,North Carolina Central,Iowa St.,-18,train,-7.532611537530709,10.467388462469291,109.56622122423522
2014,64,Providence,North Carolina,-2,train,-0.3292404245071725,1.6707595754928275,2.7914375591009732
2014,64,Delaware,Michigan St.,-15,train,-14.273172047518521,0.7268279524814787,0.5282788725084187
2014,64,Harvard,Cincinnati,4,train,-1.131592493285072,5.131592493285072,26.3332415171397
2014,64,George Washington,Memphis,-5,train,-2.2237564956014118,2.7762435043985882,7.707527995715354
2014,64,Coastal Carolina,Virginia,-11,train,-23.20814433981078,12.20814433981078,149.03878822165396
2014,64,Eastern Kentucky,Kansas,-11,train,-18.11079918004284,7.110799180042839,50.56346497889792
2014,64,Stanford,New Mexico,5,train,1.776946190680592,3.223053809319408,10.388075857768348
2014,64,Western Michigan,Syracuse,-24,train,-14.26143300503533,9.73856699496467,94.83968711541519
2014,64,Dayton,Ohio St.,1,train,-8.134251844608603,9.134251844608603,83.43455676073566
2014,64,Tulsa,UCLA,-17,train,-9.554323334454619,7.445676665545381,55.43810100784699
2014,64,Stephen F. Austin,VCU,2,train,-3.1573982451246927,5.157398245124693,26.598756658815258
2014,64,Pittsburgh,Colorado,29,train,10.244156513339146,18.755843486660854,351.7816648961184
2014,64,Albany,Florida,-12,train,-22.14148010041245,10.141480100412451,102.84961862706174
2015,2,Duke,Wisconsin,5,train,-1.7259765199022374,6.725976519902238,45.23876014627622
2015,4,Duke,Michigan St.,20,train,4.942095988044344,15.057904011955657,226.74047323327025
2015,4,Wisconsin,Kentucky,7,train,0.47771529935372126,6.522284700646279,42.54019771628452
2015,8,Gonzaga,Duke,-14,train,-3.22199024623065,10.77800975376935,116.16549425234724
2015,8,Michigan St.,Louisville,6,train,0.8306006260966088,5.169399373903391,26.72268988691277
2015,8,Arizona,Wisconsin,-7,train,-1.0631617986524076,5.936838201347593,35.24604782898012
2015,8,Notre Dame,Kentucky,-2,train,-9.320059663134181,7.320059663134181,53.5832734718441
2015,16,Gonzaga,UCLA,12,train,8.751246193720265,3.248753806279735,10.554401293817067
2015,16,Utah,Duke,-6,train,-3.4048287760473057,2.5951712239526943,6.734913681632126
2015,16,Michigan St.,Oklahoma,4,train,-1.679653385035412,5.679653385035412,32.25846257414421
2015,16,Louisville,North Carolina St.,10,train,1.505585612933698,8.494414387066302,72.15507577919897
2015,16,Arizona,Xavier,8,train,6.923427001573218,1.0765729984267818,1.1590094209416315
2015,16,North Carolina,Wisconsin,-7,train,-4.614548633479179,2.3854513665208206,5.69037822203605
2015,16,Wichita St.,Notre Dame,-11,train,-4.9182991585203055,6.0817008414796945,36.98708512525482
2015,16,West Virginia,Kentucky,-39,train,-10.50988300434616,28.490116995653842,811.686766426044
2015,32,Gonzaga,Iowa,19,train,4.55126869238684,14.44873130761316,208.76583639960072
2015,32,UAB,UCLA,-17,train,-8.509164266787707,8.490835733212293,72.09429144839474
2015,32,Georgetown,Utah,-11,train,-4.290289687194866,6.709710312805134,45.02021248176357
2015,32,San Diego St.,Duke,-19,train,-8.730605872728123,10.269394127271877,105.46045574124611
2015,32,Virginia,Michigan St.,-6,train,4.832932142573643,10.832932142573643,117.35241880560518
2015,32,Oklahoma,Dayton,6,train,5.869959595619848,0.13004040438015174,0.01691050677135339
2015,32,Louisville,Northern Iowa,13,train,0.9715388884824794,12.02846111151752,144.68387671128932
2015,32,North Carolina St.,Villanova,3,train,-9.21341189309343,12.21341189309343,149.16743007035603
2015,32,Arizona,Ohio St.,15,train,3.664241392442488,11.335758607557512,128.49942320881422
2015,32,Georgia St.,Xavier,-8,train,-5.330818047189448,2.6691819528105523,7.124532297209553
2015,32,North Carolina,Arkansas,9,train,5.513147179014114,3.4868528209858862,12.158142595217234
2015,32,Oregon,Wisconsin,-7,train,-9.399442997733304,2.3994429977333045,5.7573266993713865
2015,32,Kansas,Wichita St.,-13,train,3.540872970527971,16.54087297052797,273.6004786271428
2015,32,Notre Dame,Butler,3,train,3.8038866721846265,0.8038866721846265,0.6462337817160732
2015,32,Maryland,West Virginia,-10,train,0.05823922754074129,10.058239227540742,101.16817635843938
2015,32,Cincinnati,Kentucky,-13,train,-13.58242230946779,0.5824223094677894,0.33921574656579345
2015,64,North Dakota St.,Gonzaga,-10,train,-16.56422813532196,6.564228135321962,43.08909101255244
2015,64,Davidson,Iowa,-31,train,-4.071270241887609,26.92872975811239,725.1564863854477
2015,64,UAB,Iowa St.,1,train,-10.11665114376991,11.11665114376991,123.57993265228086
2015,64,UCLA,SMU,1,train,-3.0108217244305018,4.010821724430501,16.08669090516366
2015,64,Eastern Washington,Georgetown,-10,train,-13.366059042314742,3.366059042314742,11.330353476348836
2015,64,Stephen F. Austin,Utah,-7,train,-8.02937386448033,1.0293738644803305,1.0596105528751698
2015,64,St. John's,San Diego St.,-12,train,-1.7388671924606696,10.26113280753933,105.29084649395996
2015,64,Robert Morris,Duke,-29,train,-25.664233876008943,3.335766123991057,11.12733563396632
2015,64,Belmont,Virginia,-12,train,-17.333459808087454,5.333459808087454,28.445793524484266
2015,64,Georgia,Michigan St.,-7,train,-3.3919342528135488,3.6080657471864512,13.018138436020125
2015,64,Albany,Oklahoma,-9,train,-13.92850667857492,4.928506678574919,24.290178080757585
2015,64,Dayton,Providence,13,train,-3.475232277590795,16.475232277590795,271.43327860056957
2015,64,UC Irvine,Louisville,-2,train,-11.537567868431829,9.537567868431829,90.96520084494325
2015,64,Wyoming,Northern Iowa,-17,train,-10.918082527672741,6.081917472327259,36.989720140199594
2015,64,LSU,North Carolina St.,-1,train,-2.187022411001371,1.187022411001371,1.4090222042195077
2015,64,Lafayette,Villanova,-41,train,-23.242466001426884,17.757533998573116,315.3300137104801
2015,64,Texas Southern,Arizona,-21,train,-27.471998160894096,6.4719981608940955,41.886760194616556
2015,64,Ohio St.,VCU,3,train,6.8233436060902815,3.8233436060902815,14.617956330231438
2015,64,Georgia St.,Baylor,1,train,-8.211363503830205,9.211363503830205,84.84921759969507
2015,64,Mississippi,Xavier,-19,train,-2.9784579344675857,16.021542065532415,256.68981015762466
2015,64,Harvard,North Carolina,-2,train,-10.208447135645198,8.208447135645198,67.37860437868186
2015,64,Wofford,Arkansas,-3,train,-7.1143395335096224,4.1143395335096224,16.927789797000177
2015,64,Oklahoma St.,Oregon,-6,train,4.234844188777466,10.234844188777465,104.75203556855186
2015,64,Coastal Carolina,Wisconsin,-14,train,-20.013310043368847,6.013310043368847,36.15989767768065
2015,64,New Mexico St.,Kansas,-19,train,-13.2844109110645,5.7155890889355,32.66795863355854
2015,64,Indiana,Wichita St.,-5,train,-6.240224317526845,1.2402243175268453,1.538156357784929
2015,64,Northeastern,Notre Dame,-4,train,-14.298183221117432,10.298183221117432,106.0525776557046
2015,64,Texas,Butler,-8,train,1.876427164592779,9.87642716459278,97.54381353750618
2015,64,Valparaiso,Maryland,-3,train,-3.5913868186355575,0.5913868186355575,0.3497383692558858
2015,64,Buffalo,West Virginia,-6,train,-5.596405177631909,0.40359482236809097,0.1628887806423309
2015,64,Purdue,Cincinnati,-1,train,-0.16377877617736125,0.8362212238226387,0.6992659351714317
2015,64,Hampton,Kentucky,-23,train,-36.666352557007606,13.666352557007606,186.76919221242832
2016,2,North Carolina,Villanova,-3,train,1.2339294070719111,4.233929407071911,17.926158224068306
2016,4,Syracuse,North Carolina,-17,train,-6.04187112259608,10.958128877403919,120.08058849379367
2016,4,Oklahoma,Villanova,-44,train,-2.664441102506659,41.33555889749334,1708.628429368141
2016,8,Syracuse,Virginia,6,train,-5.950121276503463,11.950121276503463,142.80539852314075
2016,8,Notre Dame,North Carolina,-14,train,-8.536724630220782,5.463275369779218,29.847377766036253
2016,8,Oklahoma,Oregon,12,train,2.2105104128468716,9.789489587153128,95.8341063769795
2016,8,Villanova,Kansas,5,train,-1.6234345895731233,6.623434589573123,43.86988576235369
2016,16,Syracuse,Gonzaga,3,train,-2.596617966404075,5.596617966404075,31.322132661876886
2016,16,Iowa St.,Virginia,-13,train,-5.591437181975919,7.408562818024081,54.88680302860892
2016,16,Wisconsin,Notre Dame,-5,train,-1.3938735164386553,3.6061264835613445,13.004148215442507
2016,16,Indiana,North Carolina,-15,train,-3.856716699030174,11.143283300969827,124.17276272567301
2016,16,Oklahoma,Texas A&M,14,train,1.91415408367466,12.08584591632534,146.0676715131579
2016,16,Duke,Oregon,-14,train,1.5103033575758382,15.510303357575838,240.5695102440283
2016,16,Villanova,Miami FL,23,train,2.0230950101572542,20.976904989842744,440.0305429528894
2016,16,Maryland,Kansas,-16,train,-4.984402909721888,11.015597090278112,121.3433792553436
2016,32,Middle Tennessee,Syracuse,-25,train,-10.2934149868276,14.7065850131724,216.28364274966705
2016,32,Utah,Gonzaga,-23,train,-3.9631019950776567,19.036898004922342,362.4034856498163
2016,32,Iowa St.,Little Rock,17,train,7.964605218321788,9.035394781678212,81.63835886077787
2016,32,Butler,Virginia,-8,train,-7.223740314753552,0.7762596852464476,0.6025790989389139
2016,32,Xavier,Wisconsin,-3,train,3.119652250895677,6.119652250895677,37.450143671892526
2016,32,Stephen F. Austin,Notre Dame,-1,train,-8.764705307751548,7.764705307751548,60.29064851622506
2016,32,Kentucky,Indiana,-6,train,2.1452632010646777,8.145263201064678,66.3453126146184
2016,32,Providence,North Carolina,-19,train,-7.916607948284384,11.083392051715617,122.84157937203291
2016,32,Oklahoma,VCU,4,train,5.064295899718285,1.0642958997182852,1.1327257621571543
2016,32,Texas A&M,Northern Iowa,4,train,6.870206392135971,2.8702063921359713,8.238084733458189
2016,32,Duke,Yale,7,train,8.105731309613402,1.105731309613402,1.2226417290593692
2016,32,Saint Joseph's,Oregon,-5,train,-4.108272518869364,0.8917274811306362,0.7951779006035891
2016,32,Villanova,Iowa,19,train,2.8300627833118437,16.169937216688155,261.4668695916367
2016,32,Miami FL,Wichita St.,8,train,0.7312023645689658,7.268797635431034,52.83541906484779
2016,32,Hawaii,Maryland,-13,train,-7.751190436036254,5.248809563963746,27.550001838757293
2016,32,Connecticut,Kansas,-12,train,-5.8254771485068115,6.1745228514931885,38.12473244361158
2016,64,Middle Tennessee,Michigan St.,9,train,-16.17754046141826,25.17754046141826,633.9085436863536
2016,64,Syracuse,Dayton,19,train,6.3772064548231615,12.622793545176838,159.33491688415805
2016,64,Fresno St.,Utah,-11,train,-8.414422797757773,2.585577202242227,6.685209468754743
2016,64,Gonzaga,Seton Hall,16,train,5.1861292117301385,10.813870788269861,116.93980142539624
2016,64,Iona,Iowa St.,-13,train,-9.345255842320457,3.654744157679543,13.357154858092754
2016,64,Little Rock,Purdue,2,train,-8.494784299328956,10.494784299328956,110.14049748944156
2016,64,Butler,Texas Tech,10,train,3.1880021369083194,6.811997863091681,46.40331488676562
2016,64,Hampton,Virginia,-36,train,-27.741019956494355,8.258980043505645,68.2107513590245
2016,64,Weber St.,Xavier,-18,train,-14.216886339653493,3.7831136603465065,14.311948967100342
2016,64,Pittsburgh,Wisconsin,-4,train,0.867209610362139,4.8672096103621385,23.68972939120156
2016,64,Stephen F. Austin,West Virginia,14,train,-8.85539496357843,22.85539496357843,522.3690789411662
2016,64,Michigan,Notre Dame,-7,train,-1.11781617504029,5.88218382495971,34.60008655061764
2016,64,Stony Brook,Kentucky,-28,train,-16.79305769741213,11.20694230258787,125.59555577353349
2016,64,Chattanooga,Indiana,-25,train,-14.000269581265233,10.999730418734767,120.99406928483894
2016,64,Providence,USC,1,train,-1.6666987452837227,2.666698745283723,7.111282198097783
2016,64,Florida Gulf Coast,North Carolina,-16,train,-18.738645727780316,2.738645727780316,7.500180422289377
2016,64,Cal St. Bakersfield,Oklahoma,-14,train,-11.257113348663205,2.7428866513367947,7.523427182081575
2016,64,VCU,Oregon St.,8,train,2.0636094921281636,5.936390507871836,35.24073226195084
2016,64,Green Bay,Texas A&M,-27,train,-13.99824437560236,13.00175562439764,169.04564931655568
2016,64,Northern Iowa,Texas,3,train,-5.268290236239794,8.268290236239794,68.36462343069832
2016,64,UNC Wilmington,Duke,-8,train,-12.795019331830838,4.795019331830838,22.99221039263146
2016,64,Yale,Baylor,4,train,-7.340591414577858,11.340591414577858,128.60901363239702
2016,64,Cincinnati,Saint Joseph's,-2,train,3.6454633845739908,5.645463384573991,31.87125682656562
2016,64,Holy Cross,Oregon,-39,train,-26.8292236612223,12.1707763387777,148.1277966885511
2016,64,UNC Asheville,Villanova,-30,train,-14.46911498200364,15.53088501799636,241.2083894422238
2016,64,Temple,Iowa,-2,train,-7.59698065586779,5.59698065586779,31.326192462158232
2016,64,Buffalo,Miami FL,-7,train,-11.356361350204482,4.356361350204482,18.977884213555416
2016,64,Wichita St.,Arizona,10,train,-1.77429370334966,11.77429370334966,138.63399221273943
2016,64,Hawaii,California,11,train,-8.821330260364753,19.821330260364753,392.88513329045145
2016,64,South Dakota St.,Maryland,-5,train,-8.054573155992978,3.054573155992978,9.330417165312902
2016,64,Connecticut,Colorado,7,train,5.4997993905848634,1.5002006094151366,2.250601868489547
2016,64,Austin Peay,Kansas,-26,train,-25.013557047392496,0.9864429526075043,0.9730696987490108
2017,2,North Carolina,Gonzaga,6,train,-5.293535449266922,11.293535449266923,127.54394294384863
2017,4,North Carolina,Oregon,1,train,4.284796833927565,3.2847968339275653,10.789890240180556
2017,4,Gonzaga,South Carolina,4,train,8.654628537239937,4.654628537239937,21.665566819688394
2017,8,Kentucky,North Carolina,-2,train,-1.1079359801832434,0.8920640198167566,0.7957782154516307
2017,8,Oregon,Kansas,14,train,-1.8447846789320037,15.844784678932005,251.05720152171838
2017,8,Xavier,Gonzaga,-24,train,-12.95135494088009,11.04864505911991,122.0725576424148
2017,8,South Carolina,Florida,7,train,-3.8179038738078894,10.81790387380789,117.02704422294774
2017,16,Kentucky,UCLA,11,train,2.1853713995467263,8.814628600453274,77.69767736392883
2017,16,Butler,North Carolina,-12,train,-4.705953394608297,7.294046605391703,53.203115881626225
2017,16,Michigan,Oregon,-1,train,0.9012737839255034,1.9012737839255034,3.6148420014424016
2017,16,Purdue,Kansas,-32,train,-1.4547760543031474,30.545223945696854,933.0107058927725
2017,16,Arizona,Xavier,-2,train,1.834101019977937,3.834101019977937,14.700330631395857
2017,16,West Virginia,Gonzaga,-3,train,-6.382965210277718,3.3829652102777183,11.444453613949367
2017,16,South Carolina,Baylor,20,train,-2.250288786693387,22.25028878669339,495.07535109125354
2017,16,Florida,Wisconsin,1,train,2.3018765094320237,1.3018765094320237,1.6948824458109102
2017,32,Kentucky,Wichita St.,3,train,1.3057143230978996,1.6942856769021004,2.8706039549556084
2017,32,UCLA,Cincinnati,12,train,0.265698950873857,11.734301049126143,137.6938211115229
2017,32,Butler,Middle Tennessee,9,train,4.7342441100120585,4.2657558899879415,18.196673312966816
2017,32,Arkansas,North Carolina,-7,train,-8.687161568976126,1.6871615689761263,2.8465141598299843
2017,32,Louisville,Michigan,-4,train,1.0728705194903436,5.072870519490344,25.734015307514234
2017,32,Oregon,Rhode Island,3,train,3.2319054698067653,0.2319054698067653,0.05378014692629653
2017,32,Purdue,Iowa St.,4,train,-0.2995256773859962,4.299525677385996,18.48592105050151
2017,32,Michigan St.,Kansas,-20,train,-5.919716983936671,14.08028301606333,198.25436981244147
2017,32,Arizona,Saint Mary's,9,train,-0.01800796921805148,9.01800796921805,81.32446773288027
2017,32,Florida St.,Xavier,-25,train,2.5241274685417094,27.52412746854171,757.5775929045323
2017,32,West Virginia,Notre Dame,12,train,1.492995116436017,10.507004883563983,110.39715162323739
2017,32,Northwestern,Gonzaga,-6,train,-11.343406364364995,5.343406364364995,28.551991574736334
2017,32,Duke,South Carolina,-7,train,6.906655956463824,13.906655956463824,193.39507989145076
2017,32,Baylor,USC,4,train,9.551395754829022,5.551395754829022,30.817994826733685
2017,32,Florida,Virginia,26,train,0.19496114401704645,25.805038855982954,665.90003035879
2017,32,Wisconsin,Villanova,3,train,-4.922407332211873,7.922407332211873,62.76453793748445
2017,64,Northern Kentucky,Kentucky,-9,train,-19.111692481888802,10.111692481888802,102.24632484828653
2017,64,Wichita St.,Dayton,6,train,6.623096356991445,0.6230963569914447,0.3882490700960099
2017,64,Kent St.,UCLA,-17,train,-16.806304503246437,0.19369549675356268,0.03751794546260941
2017,64,Kansas St.,Cincinnati,-14,train,-5.71848894505142,8.28151105494858,68.58342535323555
2017,64,Winthrop,Butler,-12,train,-12.59650006884476,0.5965000688447599,0.35581233213180335
2017,64,Middle Tennessee,Minnesota,9,train,0.9326011769486522,8.067398823051349,65.08292377017028
2017,64,Seton Hall,Arkansas,-6,train,-0.6667325007169027,5.333267499283098,28.443742218909385
2017,64,Texas Southern,North Carolina,-39,train,-24.741390664816592,14.258609335183408,203.30794017337942
2017,64,Jacksonville St.,Louisville,-15,train,-20.13390715681704,5.133907156817038,26.357002694817204
2017,64,Oklahoma St.,Michigan,-1,train,-0.6799913728835927,0.3200086271164073,0.10240552142892782
2017,64,Iona,Oregon,-16,train,-13.545309937232298,2.4546900627677015,6.025503304250503
2017,64,Rhode Island,Creighton,12,train,0.8468264326586423,11.153173567341359,124.39328062324196
2017,64,Vermont,Purdue,-10,train,-8.715595960615959,1.2844040393840412,1.6496937363860418
2017,64,Nevada,Iowa St.,-11,train,-3.2878060342171382,7.712193965782862,59.47793576585759
2017,64,Michigan St.,Miami FL,20,train,-1.9719977978227858,21.971997797822787,482.7686872275294
2017,64,UC Davis,Kansas,-38,train,-25.101431689914776,12.898568310085224,166.3730644499348
2017,64,North Dakota,Arizona,-18,train,-20.3936309714951,2.3936309714950994,5.729469227700573
2017,64,VCU,Saint Mary's,-8,train,-5.083835531354666,2.9161644686453343,8.504015208189525
2017,64,Florida Gulf Coast,Florida St.,-6,train,-11.378392652500303,5.3783926525003025,28.92710752446924
2017,64,Xavier,Maryland,11,train,1.4055267350400342,9.594473264959966,92.05391723203155
2017,64,Bucknell,West Virginia,-6,train,-9.030062146382901,3.0300621463829014,9.181276610942556
2017,64,Princeton,Notre Dame,-2,train,-6.938851550241335,4.938851550241335,24.392254635321237
2017,64,Vanderbilt,Northwestern,-2,train,0.788654718050414,2.788654718050414,7.776595136504834
2017,64,South Dakota St.,Gonzaga,-20,train,-22.973487394036326,2.973487394036326,8.84162728249294
2017,64,Troy,Duke,-22,train,-20.083506737699402,1.9164932623005981,3.672946424443589
2017,64,Marquette,South Carolina,-20,train,0.3041069726259651,20.304106972625966,412.2567599558384
2017,64,New Mexico St.,Baylor,-18,train,-10.488445355898579,7.511554644101421,56.42345317132163
2017,64,USC,SMU,1,train,-7.448610499168722,8.448610499168723,71.37901936666397
2017,64,East Tennessee St.,Florida,-15,train,-12.205396066537917,2.794603933462083,7.809811144921747
2017,64,UNC Wilmington,Virginia,-5,train,-9.716480476270755,4.716480476270755,22.24518808304321
2017,64,Virginia Tech,Wisconsin,-10,train,-6.742140688460445,3.257859311539555,10.613647293784982
2017,64,Mount St. Mary's,Villanova,-20,train,-22.549492686033673,2.5494926860336733,6.499912956139195
2018,2,Villanova,Michigan,17,train,5.826195667668918,11.173804332331082,124.85390325722086
2018,4,Kansas,Villanova,-16,train,-4.494158284007767,11.505841715992233,132.38439359346708
2018,4,Michigan,Loyola Chicago,12,train,5.743822533575447,6.256177466424553,39.139756491398344
2018,8,Duke,Kansas,-4,train,3.1425416572004607,7.142541657200461,51.0159013248439
2018,8,Texas Tech,Villanova,-12,train,-6.544766878251706,5.455233121748294,29.759568412619636
2018,8,Michigan,Florida St.,4,train,4.533404224231045,0.5334042242310453,0.28452006642752325
2018,8,Loyola Chicago,Kansas St.,16,train,-4.468314970352992,20.468314970352992,418.9519177255764
2018,16,Duke,Syracuse,4,train,8.37686116727482,4.37686116727482,19.156913677598297
2018,16,Clemson,Kansas,-4,train,-3.0650786174446565,0.9349213825553435,0.874077991559195
2018,16,Purdue,Texas Tech,-13,train,4.126165350657588,17.126165350657587,293.30553961806453
2018,16,West Virginia,Villanova,-12,train,-5.467755722499911,6.532244277500089,42.67021530093266
2018,16,Texas A&M,Michigan,-27,train,-3.338269957358728,23.661730042641274,559.8774686108326
2018,16,Gonzaga,Florida St.,-15,train,3.704366475206278,18.704366475206278,349.8533252388205
2018,16,Nevada,Loyola Chicago,-1,train,3.9276830400969125,4.9276830400969125,24.28206014365875
2018,16,Kentucky,Kansas St.,-3,train,3.92273516062693,6.92273516062693,47.924262104180364
2018,32,Duke,Rhode Island,25,train,9.327485042038456,15.672514957961544,245.62772510752836
2018,32,Michigan St.,Syracuse,-2,train,6.510672604701844,8.510672604701844,72.43154818442247
2018,32,Auburn,Clemson,-31,train,0.23713628580699986,31.237136285807,975.7586833380803
2018,32,Seton Hall,Kansas,-4,train,-4.329209246471753,0.32920924647175287,0.10837872796249932
2018,32,Purdue,Butler,3,train,4.412286885644886,1.4122868856448862,1.994554247364532
2018,32,Texas Tech,Florida,3,train,-0.4885250297719981,3.4885250297719983,12.169806883345721
2018,32,Marshall,West Virginia,-23,train,-10.49206378492202,12.50793621507798,156.44846836045926
2018,32,Alabama,Villanova,-23,train,-7.213069906646402,15.786930093353597,249.2271617724334
2018,32,North Carolina,Texas A&M,-21,train,4.556834277773126,25.556834277773127,653.1517783015595
2018,32,Michigan,Houston,1,train,2.329755389550013,1.3297553895500132,1.7682493960373071
2018,32,Gonzaga,Ohio St.,6,train,1.6949618380036222,4.305038161996378,18.53335357624515
2018,32,Florida St.,Xavier,5,train,-4.490333281877655,9.490333281877655,90.0664258011147
2018,32,Cincinnati,Nevada,-2,train,2.995746070747618,4.995746070747618,24.957478803390263
2018,32,Tennessee,Loyola Chicago,-1,train,4.849076394480817,5.849076394480817,34.21169466847272
2018,32,Buffalo,Kentucky,-20,train,-12.499099676591603,7.500900323408397,56.26350566170819
2018,32,Kansas St.,UMBC,7,train,12.321610857085746,5.321610857085746,28.31954211425289
2018,64,Iona,Duke,-22,train,-22.909803697307282,0.9098036973072823,0.8277427676340009
2018,64,Oklahoma,Rhode Island,-5,train,0.3489915551960907,5.348991555196091,28.611710657559094
2018,64,Bucknell,Michigan St.,-4,train,-16.325464210691557,12.325464210691557,151.91706800903845
2018,64,Syracuse,TCU,5,train,-1.374900603787471,6.374900603787471,40.63935770816986
2018,64,College of Charleston,Auburn,-4,train,-11.172191359953823,7.172191359953823,51.44032890379627
2018,64,New Mexico St.,Clemson,-11,train,-3.816189482817098,7.183810517182902,51.60713354678767
2018,64,North Carolina St.,Seton Hall,-11,train,-2.9865365172131435,8.013463482786857,64.21559698995847
2018,64,Penn,Kansas,-16,train,-14.545507396966006,1.4544926030339944,2.115548732280605
2018,64,Cal St. Fullerton,Purdue,-26,train,-16.657824392826214,9.342175607173786,87.2762450752729
2018,64,Butler,Arkansas,17,train,2.319828047838109,14.680171952161892,215.5074485450407
2018,64,Stephen F. Austin,Texas Tech,-10,train,-11.14291093522961,1.1429109352296098,1.3062454058674213
2018,64,St. Bonaventure,Florida,-15,train,-7.609830851598227,7.390169148401773,54.614600041989384
2018,64,Marshall,Wichita St.,6,train,-7.465658629154612,13.465658629154612,181.32396231692607
2018,64,Murray St.,West Virginia,-17,train,-7.792742242825983,9.207257757174016,84.7735954070411
2018,64,Alabama,Virginia Tech,3,train,-2.0970238181420613,5.097023818142061,25.979651802707473
2018,64,Radford,Villanova,-26,train,-24.460415912654298,1.5395840873457018,2.370319162008098
2018,64,Lipscomb,North Carolina,-18,train,-16.878529759222218,1.1214702407777821,1.2576955009501767
2018,64,Providence,Texas A&M,-4,train,-5.103385468510565,1.1033854685105648,1.2174594921202786
2018,64,Montana,Michigan,-14,train,-8.803034846185005,5.196965153814995,27.008446809967314
2018,64,San Diego St.,Houston,-2,train,-3.06593816697326,1.0659381669732602,1.1362241758103138
2018,64,UNC Greensboro,Gonzaga,-4,train,-12.653098978460012,8.653098978460012,74.8761219310257
2018,64,South Dakota St.,Ohio St.,-8,train,-7.533077251763923,0.46692274823607693,0.2180168528203309
2018,64,Florida St.,Missouri,13,train,1.2493978583172973,11.750602141682702,138.0766506921181
2018,64,Texas Southern,Xavier,-19,train,-23.630013780958706,4.630013780958706,21.437027611867528
2018,64,Georgia St.,Cincinnati,-15,train,-12.534707363509453,2.465292636490547,6.077667783534514
2018,64,Texas,Nevada,-4,train,-1.4014647572923975,2.5985352427076025,6.752385407593459
2018,64,Wright St.,Tennessee,-26,train,-14.174527163870712,11.825472836129288,139.84180779803165
2018,64,Loyola Chicago,Miami FL,2,train,-4.4130358927293845,6.4130358927293845,41.127029361435376
2018,64,Buffalo,Arizona,21,train,-6.487796215400185,27.487796215400184,755.5789407793687
2018,64,Davidson,Kentucky,-5,train,-3.6816284149204446,1.3183715850795554,1.7381036363451794
2018,64,Kansas St.,Creighton,10,train,-2.1671258567846072,12.167125856784608,148.03895161483658
2018,64,UMBC,Virginia,20,train,-23.396548431790222,43.39654843179022,1883.2604157927144
2019,4,Texas Tech,Michigan St.,10,train,-3.155358319704419,13.155358319704419,173.06345251981628
2019,8,Kentucky,Auburn,-6,train,2.0291522203028958,8.029152220302896,64.46728537679492
2019,8,Texas Tech,Gonzaga,6,train,-3.5947181409932867,9.594718140993287,92.05861620510566
2019,8,Michigan St.,Duke,1,train,2.9386295529625457,1.9386295529625457,3.7582845436197596
2019,16,Kentucky,Houston,4,train,5.061878466869034,1.0618784668690342,1.1275858784001305
2019,16,Auburn,North Carolina,17,train,-0.8448958753692819,17.844895875369282,318.4403088027716
2019,16,Tennessee,Purdue,-5,train,0.6696141013318253,5.669614101331826,32.144524058020686
2019,16,Michigan,Texas Tech,-19,train,2.641522515102489,21.641522515102487,468.35549677168785
2019,16,Florida St.,Gonzaga,-14,train,-6.328832268165624,7.671167731834376,58.846814369936965
2019,16,Michigan St.,LSU,17,train,9.12609553920038,7.87390446079962,61.99837145780016
2019,16,Virginia Tech,Duke,-2,train,0.2829300686139691,2.282930068613969,5.211769698181781
2019,32,Kentucky,Wofford,6,train,6.509113127989515,0.5091131279895151,0.2591961770912684
2019,32,Houston,Ohio St.,15,train,1.500468035672767,13.499531964327232,182.23736325589266
2019,32,Kansas,Auburn,-14,train,-0.947591429664282,13.052408570335718,170.3653694869733
2019,32,Washington,North Carolina,-22,train,-5.882973074348561,16.117026925651437,259.7585569221734
2019,32,Tennessee,Iowa,6,train,7.138784369623901,1.1387843696239006,1.2968298404997047
2019,32,Purdue,Villanova,26,train,3.8326835846904483,22.16731641530955,491.38991705645225
2019,32,UC Irvine,Oregon,-19,train,-7.956430571771413,11.043569428228587,121.96042571610506
2019,32,Michigan,Florida,15,train,4.4389046621053225,10.561095337894677,111.5367347361007
2019,32,Texas Tech,Buffalo,20,train,5.3651593752238185,14.634840624776182,214.17856011259929
2019,32,Florida St.,Murray St.,28,train,6.74408982639919,21.25591017360081,451.8137173081864
2019,32,Baylor,Gonzaga,-12,train,-11.374410132790281,0.6255898672097189,0.3913626819554737
2019,32,Michigan St.,Minnesota,20,train,8.310217369357513,11.689782630642487,136.65101795167078
2019,32,LSU,Maryland,2,train,0.04333348012239657,1.9566665198776034,3.828543870009932
2019,32,Virginia Tech,Liberty,9,train,10.523712970422034,1.523712970422034,2.3217012162323383
2019,32,UCF,Duke,-1,train,-8.40249098420688,7.40249098420688,54.79687277126414
2019,64,Abilene Christian,Kentucky,-35,train,-22.713638089063892,12.286361910936108,150.95468900650158
2019,64,Seton Hall,Wofford,-16,train,-4.489954310190717,11.510045689809283,132.48115178149726
2019,64,Georgia St.,Houston,-29,train,-11.057262016950839,17.942737983049163,321.94184632835515
2019,64,Ohio St.,Iowa St.,3,train,-3.9413152549836212,6.941315254983621,48.18185746906833
2019,64,Northeastern,Kansas,-35,train,-10.080167015773785,24.919832984226215,620.9980759617288
2019,64,New Mexico St.,Auburn,-1,train,-5.861611925928089,4.861611925928089,23.63527051832622
2019,64,Washington,Utah St.,17,train,4.1185172136695,12.881482786330501,165.93259877452903
2019,64,Iona,North Carolina,-15,train,-24.569525563414416,9.569525563414416,91.575819508842
2019,64,Colgate,Tennessee,-7,train,-13.314230140312874,6.314230140312874,39.86950226483554
2019,64,Iowa,Cincinnati,7,train,-1.7688151821550147,8.768815182155015,76.89211969879229
2019,64,Old Dominion,Purdue,-13,train,-14.595056142436691,1.5950561424366914,2.5442040975250184
2019,64,Saint Mary's,Villanova,-4,train,-1.512775390177744,2.487224609822256,6.186286259705474
2019,64,UC Irvine,Kansas St.,6,train,-6.921818675648901,12.9218186756489,166.9733978863487
2019,64,Oregon,Wisconsin,18,train,-3.214931554588813,21.214931554588812,450.0733208658881
2019,64,Oklahoma,Mississippi,23,train,1.0673421625395796,21.93265783746042,481.0414798151141
2019,64,Gardner Webb,Virginia,-15,train,-23.930843935999597,8.930843935999597,79.75997340918077
2019,64,Montana,Michigan,-19,train,-21.085508675732385,2.0855086757323846,4.349346436555044
2019,64,Florida,Nevada,9,train,0.13256830290522492,8.867431697094775,78.63134490264112
2019,64,Northern Kentucky,Texas Tech,-15,train,-11.56181582932651,3.4381841706734892,11.821110391469748
2019,64,Arizona St.,Buffalo,-17,train,-5.968521727369233,11.031478272630768,121.6935128795247
2019,64,Vermont,Florida St.,-7,train,-6.867226571315243,0.13277342868475728,0.017628783364706326
2019,64,Murray St.,Marquette,19,train,-3.837949980852766,22.837949980852766,521.5719593279329
2019,64,Baylor,Syracuse,9,train,-2.7465420211451193,11.74654202114512,137.98124945452807
2019,64,Fairleigh Dickinson,Gonzaga,-38,train,-25.315823681529288,12.684176318470712,160.88832887805322
2019,64,Bradley,Michigan St.,-11,train,-23.279574472222727,12.279574472222727,150.78794921886407
2019,64,Minnesota,Louisville,10,train,-4.811570694823781,14.811570694823782,219.38262644776265
2019,64,Yale,LSU,-5,train,-11.790416809784803,6.790416809784803,46.10976045060802
2019,64,Belmont,Maryland,-2,train,-8.03722695921854,6.03722695921854,36.448109357115136
2019,64,Saint Louis,Virginia Tech,-14,train,-10.558411020715612,3.441588979284388,11.844534702331757
2019,64,Liberty,Mississippi St.,4,train,-8.494513749686838,12.494513749686838,156.11287384111347
2019,64,UCF,VCU,15,train,1.0366579115961612,13.963342088403838,194.97492227779006
2019,64,North Dakota St.,Duke,-23,train,-24.15951163777504,1.15951163777504,1.3444672381357556
2021,2,Baylor,Gonzaga,16,train,-3.915153822552141,19.915153822552142,396.6133517759132
2021,4,Houston,Baylor,-19,train,-1.0287314847763875,17.971268515223613,322.96649204626755
2021,4,UCLA,Gonzaga,-3,train,-10.668172127898321,7.6681721278983215,58.80086378307667
2021,8,Houston,Oregon St.,6,train,8.667599729933963,2.667599729933963,7.116088319143753
2021,8,Arkansas,Baylor,-9,train,-3.139430962035371,5.860569037964629,34.34626944874965
2021,8,UCLA,Michigan,2,train,-8.723344897912323,10.723344897912323,114.99012579958226
2021,8,USC,Gonzaga,-19,train,-7.849293962203041,11.150706037796958,124.33824514136154
2021,16,Houston,Syracuse,16,train,6.405654421824034,9.594345578175966,92.05146707346472
2021,16,Oregon St.,Loyola Chicago,7,train,-12.312988933546485,19.312988933546485,372.991541547289
2021,16,Oral Roberts,Arkansas,-2,train,-14.286567552178989,12.286567552178989,150.95974221425757
2021,16,Villanova,Baylor,-11,train,-5.048642592031671,5.951357407968329,35.41865499737951
2021,16,Alabama,UCLA,-10,train,1.267098426124483,11.267098426124484,126.94750694397682
2021,16,Florida St.,Michigan,-18,train,-4.360680552762933,13.639319447237067,186.03103498377925
2021,16,Oregon,USC,-14,train,-3.601318311012271,10.398681688987729,108.13258086888868
2021,16,Creighton,Gonzaga,-18,train,-7.232142711422475,10.767857288577524,115.9467505871721
2021,32,Houston,Rutgers,3,train,3.846218404330865,0.8462184043308651,0.7160855878282756
2021,32,West Virginia,Syracuse,-3,train,0.5510288417946261,3.551028841794626,12.609805835257283
2021,32,Oklahoma St.,Oregon St.,-10,train,4.052047501189539,14.052047501189538,197.46003897568713
2021,32,Loyola Chicago,Illinois,13,train,-5.005013330857706,18.005013330857707,324.18050504436377
2021,32,Oral Roberts,Florida,3,train,-12.359205973412129,15.359205973412129,235.90520813369884
2021,32,Arkansas,Texas Tech,2,train,-0.40968260409921786,2.409682604099218,5.806570252498388
2021,32,North Texas,Villanova,-23,train,-10.895301422629077,12.104698577370923,146.52372764900565
2021,32,Wisconsin,Baylor,-13,train,-4.097815700524334,8.902184299475666,79.24888530183105
2021,32,Alabama,Maryland,19,train,1.8738459565782497,17.12615404342175,293.30515231901114
2021,32,Abilene Christian,UCLA,-20,train,-12.141930959567091,7.858069040432909,61.74924904421018
2021,32,Florida St.,Colorado,18,train,0.06051297937519973,17.9394870206248,321.82519456316567
2021,32,LSU,Michigan,-8,train,-7.46495261530959,0.5350473846904098,0.2862757038640474
2021,32,Iowa,Oregon,-15,train,6.145797266005555,21.145797266005555,447.14474201500803
2021,32,Kansas,USC,-34,train,-0.3390792539466656,33.660920746053336,1133.057585472084
2021,32,Ohio,Creighton,-14,train,-6.643212893272296,7.356787106727704,54.12231653371498
2021,32,Oklahoma,Gonzaga,-16,train,-10.278961006746085,5.721038993253915,32.73028716233176
2021,64,Cleveland St.,Houston,-31,train,-20.259821626809853,10.740178373190147,115.35143148794137
2021,64,Rutgers,Clemson,4,train,2.020915476662421,1.979084523337579,3.916775550514332
2021,64,Morehead St.,West Virginia,-17,train,-13.3376987677527,3.6623012322473,13.412450315720092
2021,64,Syracuse,San Diego St.,16,train,-4.5928892205024425,20.592889220502443,424.0670864478857
2021,64,Liberty,Oklahoma St.,-9,train,-4.708220381314824,4.291779618685176,18.419372295361473
2021,64,Oregon St.,Tennessee,14,train,-9.527231516180741,23.52723151618074,553.5306228159683
2021,64,Georgia Tech,Loyola Chicago,-11,train,-4.269398865326414,6.730601134673586,45.30099163406936
2021,64,Drexel,Illinois,-29,train,-18.67703649211188,10.322963507888119,106.56357558518978
2021,64,Oral Roberts,Ohio St.,3,train,-15.248521057006108,18.24852105700611,333.0085207679953
2021,64,Virginia Tech,Florida,-5,train,-1.941177546110016,3.058822453889984,9.356394804421543
2021,64,Colgate,Arkansas,-17,train,-7.190471919205466,9.809528080794534,96.2268411678965
2021,64,Utah St.,Texas Tech,-12,train,-4.0751195683059755,7.9248804316940245,62.80372985664687
2021,64,North Texas,Purdue,9,train,-8.359027305383833,17.359027305383833,301.3358289890615
2021,64,Winthrop,Villanova,-10,train,-9.434590126370448,0.5654098736295516,0.31968832519778556
2021,64,Wisconsin,North Carolina,23,train,8.095537823036292,14.904462176963708,222.14299278454175
2021,64,Hartford,Baylor,-24,train,-22.76142970168253,1.2385702983174696,1.5340563838742256
2021,64,Iona,Alabama,-13,train,-17.276251324319787,4.276251324319787,18.286325388746736
2021,64,Maryland,Connecticut,9,train,-2.5186173218596455,11.518617321859645,132.67854500744508
2021,64,Abilene Christian,Texas,1,train,-9.813048056284247,10.813048056284247,116.92200826751252
2021,64,UCLA,BYU,11,train,-2.836554385903935,13.836554385903934,191.4502372740774
2021,64,UNC Greensboro,Florida St.,-10,train,-10.758471481128302,0.7584714811283018,0.5752789876849598
2021,64,Georgetown,Colorado,-23,train,-5.1562603432346545,17.843739656765344,318.39904493842016
2021,64,St. Bonaventure,LSU,-15,train,-5.152348829403218,9.847651170596782,96.97623357775618
2021,64,Texas Southern,Michigan,-16,train,-26.845798181131222,10.845798181131222,117.63133818582934
2021,64,Grand Canyon,Iowa,-12,train,-14.908597752490621,2.9085977524906212,8.459940885793493
2021,64,Eastern Washington,Kansas,-9,train,-10.0898850774416,1.0898850774416005,1.1878494820298835
2021,64,Drake,USC,-16,train,-6.773653067602702,9.226346932397298,85.12547771695704
2021,64,Ohio,Virginia,4,train,-6.358746752788295,10.358746752788296,107.30363428840207
2021,64,UC Santa Barbara,Creighton,-1,train,-4.58214524277709,3.5821452427770897,12.831764540350536
2021,64,Missouri,Oklahoma,-4,train,0.3560055530874844,4.356005553087485,18.974784378529005
2021,64,Norfolk St.,Gonzaga,-43,train,-29.109990333571943,13.890009666428057,192.93236853346485
2022,2,Kansas,North Carolina,3,train,4.225068293315241,1.2250682933152408,1.500792323286317
2022,4,Kansas,Villanova,16,train,1.3944985080179917,14.605501491982007,213.32067383228863
2022,4,North Carolina,Duke,4,train,-5.8882180105574875,9.888218010557488,97.77685542431348
2022,8,Miami FL,Kansas,-26,train,-7.760206276429226,18.239793723570774,332.6900750784118
2022,8,Villanova,Houston,6,train,-2.8529368051509723,8.852936805150971,78.37449007599669
2022,8,Saint Peter's,North Carolina,-20,train,-12.29288016173541,7.707119838264591,59.39969620137161
2022,8,Duke,Arkansas,9,train,4.155520422287806,4.844479577712194,23.46898237887052
2022,16,Miami FL,Iowa St.,14,train,-1.0321033119351624,15.032103311935163,225.9641299806921
2022,16,Providence,Kansas,-5,train,-7.711535192152671,2.711535192152671,7.352423098282423
2022,16,Villanova,Michigan,8,train,5.812004924002876,2.187995075997124,4.78732245258766
2022,16,Houston,Arizona,12,train,5.236025127934241,6.763974872065759,45.751356069937
2022,16,Saint Peter's,Purdue,3,train,-15.087067989525435,18.087067989525437,327.14202845771575
2022,16,UCLA,North Carolina,-7,train,6.560602674194023,13.560602674194023,183.88994488735807
2022,16,Duke,Texas Tech,5,train,1.7689673502183147,3.2310326497816853,10.439571983955258
2022,16,Arkansas,Gonzaga,6,train,-9.622768166630664,15.622768166630664,244.07088518828843
2022,32,Auburn,Miami FL,-18,train,3.924649660676325,21.924649660676323,480.6902627433944
2022,32,Wisconsin,Iowa St.,-5,train,-0.20973347296296074,4.790266527037039,22.946653400051492
2022,32,Providence,Richmond,28,train,2.6392880621439314,25.360711937856067,643.1657099949152
2022,32,Creighton,Kansas,-7,train,-4.9546501465713195,2.0453498534286805,4.1834560229207245
2022,32,Villanova,Ohio St.,10,train,5.222052705683057,4.777947294316943,22.8287803472706
2022,32,Tennessee,Michigan,-8,train,2.802048790340625,10.802048790340624,116.68425806889934
2022,32,Illinois,Houston,-15,train,-5.636109126148611,9.363890873851389,87.68245229739733
2022,32,TCU,Arizona,-5,train,-5.270780394428611,0.2707803944286109,0.0733220220069141
2022,32,Saint Peter's,Murray St.,10,train,-7.427377163983374,17.427377163983373,303.7134748157291
2022,32,Purdue,Texas,10,train,0.003211605900741432,9.996788394099259,99.93577819639764
2022,32,UCLA,Saint Mary's,16,train,4.998896288993912,11.001103711006088,121.02428286031193
2022,32,North Carolina,Baylor,7,train,-4.834292645810391,11.834292645810391,140.05048242668192
2022,32,Duke,Michigan St.,9,train,4.53190852085034,4.46809147914966,19.963841466049793
2022,32,Texas Tech,Notre Dame,6,train,2.438549586373835,3.561450413626165,12.683929048717982
2022,32,Arkansas,New Mexico St.,5,train,5.8007296632320084,0.8007296632320084,0.6411679935796457
2022,32,Memphis,Gonzaga,-4,train,-8.844187196471694,4.844187196471694,23.46614959446029
2022,64,Jacksonville St.,Auburn,-19,train,-15.389754868371197,3.610245131628803,13.033869910449472
2022,64,Miami FL,USC,2,train,-1.3176064452298168,3.317606445229817,11.006512525430423
2022,64,Colgate,Wisconsin,-7,train,-12.527524365305558,5.527524365305558,30.55352560904661
2022,64,Iowa St.,LSU,5,train,-2.681823075797255,7.681823075797255,59.0104057678512
2022,64,South Dakota St.,Providence,-9,train,-3.071893241572618,5.928106758427382,35.142449739312404
2022,64,Richmond,Iowa,4,train,-10.338424729161622,14.338424729161622,205.59042371383353
2022,64,Creighton,San Diego St.,3,train,-3.8922037031667323,6.892203703166732,47.50247188594522
2022,64,Texas Southern,Kansas,-27,train,-23.594571416706074,3.4054285832939257,11.596943835915274
2022,64,Delaware,Villanova,-20,train,-13.241549921245955,6.758450078754045,45.676647467010554
2022,64,Loyola Chicago,Ohio St.,-13,train,-5.9547444913317005,7.0452555086682995,49.63562518242102
2022,64,Longwood,Tennessee,-32,train,-17.619185775699705,14.380814224300295,206.8078177538377
2022,64,Michigan,Colorado St.,12,train,3.0295727253152966,8.970427274684702,80.46856549040722
2022,64,Chattanooga,Illinois,-1,train,-6.505495926828914,5.505495926828914,30.31048540032976
2022,64,UAB,Houston,-14,train,-8.32751176117726,5.672488238822741,32.177122819582316
2022,64,TCU,Seton Hall,27,train,-0.6879793603924595,27.68797936039246,766.6242010615189
2022,64,Wright St.,Arizona,-17,train,-21.493125658376904,4.493125658376904,20.18817818196489
2022,64,Saint Peter's,Kentucky,6,train,-16.70660993472932,22.70660993472932,515.5901347279483
2022,64,San Francisco,Murray St.,-5,train,2.011284896442781,7.011284896442781,49.15811589908666
2022,64,Yale,Purdue,-22,train,-16.087037823583593,5.912962176416407,34.963121699731055
2022,64,Virginia Tech,Texas,-8,train,-4.0033699064323685,3.9966300935676315,15.973052104810415
2022,64,Akron,UCLA,-4,train,-14.782131561947697,10.782131561947697,116.25436101914869
2022,64,Indiana,Saint Mary's,-29,train,-0.901524260454627,28.09847573954537,789.5243388858198
2022,64,Marquette,North Carolina,-32,train,-2.8717607739309035,29.1282392260691,848.4543204111105
2022,64,Norfolk St.,Baylor,-36,train,-22.64128141325491,13.358718586745091,178.45536227984877
2022,64,Cal St. Fullerton,Duke,-17,train,-20.715265009203222,3.715265009203222,13.803194088609816
2022,64,Davidson,Michigan St.,-1,train,0.27453182955096667,1.2745318295509667,1.6244313845385343
2022,64,Montana St.,Texas Tech,-35,train,-12.000972195796972,22.999027804203028,528.955279938504
2022,64,Notre Dame,Alabama,14,train,2.536062449162203,11.463937550837798,131.42186416950892
2022,64,Vermont,Arkansas,-4,train,-2.272553624295603,1.727446375704397,2.9840709809342565
2022,64,New Mexico St.,Connecticut,7,train,-7.347370454450862,14.34737045445086,205.8470389572495
2022,64,Memphis,Boise St.,11,train,2.5225394627752262,8.477460537224774,71.86733716020335
2022,64,Georgia St.,Gonzaga,-21,train,-21.420526916709626,0.42052691670962616,0.17684288767730486
2023,2,Connecticut,San Diego St.,17,test,3.9263853687673596,13.07361463123264,170.91939952598017
2023,4,Connecticut,Miami FL,13,test,6.218719685502803,6.781280314497197,45.9857627037872
2023,4,Florida Atlantic,San Diego St.,-1,test,-2.183887573680012,1.1838875736800119,1.4015897871139456
2023,8,Gonzaga,Connecticut,-28,test,-0.16437219351707544,27.835627806482925,774.8221753810454
2023,8,Kansas St.,Florida Atlantic,-3,test,0.49569451201062176,3.4956945120106218,12.219880121301179
2023,8,Creighton,San Diego St.,-1,test,0.9527198142281841,1.952719814228184,3.8131146728793537
2023,16,UCLA,Gonzaga,-3,test,0.6227609257964097,3.6227609257964097,13.12439672547726
2023,16,Connecticut,Arkansas,23,test,4.244059897541268,18.75594010245873,351.7852891270196
2023,16,Miami FL,Houston,14,test,-9.756256000336109,23.75625600033611,564.3596991535054
2023,16,Michigan St.,Kansas St.,-5,test,-0.9084310951984897,4.091568904801511,16.740936102738633
2023,16,Tennessee,Florida Atlantic,-7,test,4.515151093756788,11.515151093756788,132.59870471204817
2023,16,Princeton,Creighton,-11,test,-12.28219258089945,1.2821925808994497,1.6440178145135917
2023,16,San Diego St.,Alabama,7,test,-1.3014284918312207,8.30142849183122,68.91371500498718
2023,32,UCLA,Northwestern,5,test,7.456991476019615,2.456991476019615,6.036807113233047
2023,32,Gonzaga,TCU,3,test,4.013393782041383,1.0133937820413834,1.026966957480139
2023,32,Connecticut,Saint Mary's,15,test,3.729637067225835,11.270362932774166,127.0210806364499
2023,32,Arkansas,Kansas,1,test,-2.074989233308006,3.074989233308006,9.45555878496016
2023,32,Xavier,Pittsburgh,11,test,5.233627120127606,5.766372879872394,33.25105618972785
2023,32,Indiana,Miami FL,-16,test,2.611160127002462,18.611160127002464,346.3752812729264
2023,32,Auburn,Houston,-17,test,-8.239762696329482,8.760237303670518,76.7417576166205
2023,32,Marquette,Michigan St.,-9,test,1.4336732166528936,10.433673216652894,108.86153679189994
2023,32,Kansas St.,Kentucky,6,test,-1.4072477129566026,7.407247712956602,54.86731868110081
2023,32,Tennessee,Duke,13,test,2.8027834418113535,10.197216558188646,103.9832255345967
2023,32,Florida Atlantic,Fairleigh Dickinson,8,test,19.008905637161313,11.008905637161313,121.19600332792213
2023,32,Princeton,Missouri,15,test,-2.8973858537834007,17.8973858537834,320.3164203992062
2023,32,Baylor,Creighton,-9,test,-2.827760151915672,6.1722398480843275,38.096544742280045
2023,32,Furman,San Diego St.,-23,test,-8.593622592124035,14.406377407875965,207.543710018159
2023,32,Maryland,Alabama,-22,test,-1.2571559596930957,20.742844040306906,430.26557888049575
2023,64,UNC Asheville,UCLA,-33,test,-23.12954572397536,9.870454276024638,97.42586761509307
2023,64,Boise St.,Northwestern,-8,test,0.5523868028766943,8.552386802876693,73.14332002601942
2023,64,Grand Canyon,Gonzaga,-12,test,-13.159505469310934,1.1595054693109343,1.3444529333619701
2023,64,Arizona St.,TCU,-2,test,-4.0207170697560075,2.0207170697560075,4.083297476003305
2023,64,Iona,Connecticut,-24,test,-9.172644178735412,14.827355821264588,219.85048065038885
2023,64,VCU,Saint Mary's,-12,test,-4.268289427484918,7.731710572515082,59.779348377141496
2023,64,Illinois,Arkansas,-10,test,-1.7266009509800122,8.273399049019988,68.44913182432484
2023,64,Howard,Kansas,-28,test,-21.228053542087032,6.771946457912968,45.85925882883999
2023,64,Penn St.,Texas A&M,17,test,-4.608485417922916,21.608485417922914,466.9266420565872
2023,64,Kennesaw St.,Xavier,-5,test,-11.326286950706232,6.326286950706232,40.02190658267595
2023,64,Pittsburgh,Iowa St.,18,test,-5.454139332322407,23.454139332322406,550.0966518199929
2023,64,Kent St.,Indiana,-11,test,-7.986076242863007,3.0139237571369932,9.08373641383477
2023,64,Drake,Miami FL,-7,test,-4.581267507854806,2.4187324921451943,5.8502668685589025
2023,64,Auburn,Iowa,8,test,0.44128992953161905,7.558710070468381,57.13409792940011
2023,64,Northern Kentucky,Houston,-11,test,-21.78799346052842,10.78799346052842,116.38080290440394
2023,64,Vermont,Marquette,-17,test,-11.893248333938057,5.1067516660619425,26.078912578826426
2023,64,USC,Michigan St.,-10,test,-0.4919202272126546,9.508079772787346,90.40358096568787
2023,64,Montana St.,Kansas St.,-12,test,-7.856763576277951,4.143236423722049,17.166408062857077
2023,64,Providence,Kentucky,-8,test,-2.2689381177042245,5.7310618822957755,32.8450702987036
2023,64,Louisiana Lafayette,Tennessee,-3,test,-10.640838387357542,7.640838387357542,58.382411261716605
2023,64,Oral Roberts,Duke,-23,test,-8.98471874462268,14.01528125537732,196.42810866733083
2023,64,Florida Atlantic,Memphis,1,test,-2.0039287307473828,3.0039287307473828,9.023587819409581
2023,64,Fairleigh Dickinson,Purdue,5,test,-30.288811611786542,35.28881161178654,1245.3002249721608
2023,64,Princeton,Arizona,4,test,-12.476925595537194,16.476925595537196,271.4890770808688
2023,64,Utah St.,Missouri,-11,test,2.5381054847405666,13.538105484740566,183.28030011596258
2023,64,UC Santa Barbara,Baylor,-18,test,-11.280167618263796,6.719832381736204,45.15614723863046
2023,64,North Carolina St.,Creighton,-9,test,-5.411653112065963,3.588346887934037,12.876233388145888
2023,64,Furman,Virginia,1,test,-6.552620824983212,7.552620824983212,57.04208132597009
2023,64,College of Charleston,San Diego St.,-6,test,-4.982372275518555,1.0176277244814447,1.0355661856332832
2023,64,West Virginia,Maryland,-2,test,0.9463552091522986,2.9463552091522986,8.681009018498886
2023,64,Texas A&M Corpus Chris,Alabama,-21,test,-20.665803577321874,0.33419642267812577,0.11168724893085649
2024,2,Purdue,Connecticut,-15,test,-2.473625485987707,12.526374514012293,156.91005846529671
2024,4,Purdue,North Carolina St.,13,test,7.80635939209386,5.19364060790614,26.973902764091658
2024,4,Alabama,Connecticut,-14,test,-7.1457978476046895,6.8542021523953105,46.980087145900505
2024,8,Tennessee,Purdue,-6,test,-2.7926180130459834,3.2073819869540166,10.287299210237094
2024,8,North Carolina St.,Duke,12,test,-10.342810051871707,22.34281005187171,499.2011610140195
2024,8,Clemson,Alabama,-7,test,0.8063838103577505,7.806383810357751,60.9396281946156
2024,8,Illinois,Connecticut,-25,test,-5.274446831101956,19.725553168898045,389.0974478190237
2024,16,Tennessee,Creighton,7,test,0.9125355057333615,6.087464494266639,37.05722396895698
2024,16,Gonzaga,Purdue,-12,test,-2.2754681037417996,9.7245318962582,94.56652060134311
2024,16,Marquette,North Carolina St.,-9,test,4.468262455928016,13.468262455928016,181.39409358176016
2024,16,Duke,Houston,3,test,-4.548949222901885,7.548949222901885,56.98663436995097
2024,16,Arizona,Clemson,-5,test,5.181207595424508,10.181207595424507,103.65698810112967
2024,16,Alabama,North Carolina,2,test,-5.887958130391399,7.887958130391399,62.21988346680778
2024,16,Iowa St.,Illinois,-3,test,-0.7224615993825241,2.277538400617476,5.1871811662872105
2024,16,San Diego St.,Connecticut,-30,test,-8.959185596914432,21.04081440308557,442.7158707450931
2024,32,Tennessee,Texas,4,test,2.775469763894793,1.224530236105207,1.499474299135874
2024,32,Creighton,Oregon,13,test,4.913428794498143,8.086571205501857,65.39263386165175
2024,32,Kansas,Gonzaga,-21,test,-2.347995314340632,18.652004685659367,347.897278793859
2024,32,Utah St.,Purdue,-39,test,-7.890845497655556,31.109154502344445,967.7794938507377
2024,32,Marquette,Colorado,4,test,1.92541214538344,2.07458785461656,4.30391476652254
2024,32,Oakland,North Carolina St.,-6,test,-8.523419089628513,2.523419089628513,6.367643901901594
2024,32,Duke,James Madison,38,test,9.447746082283242,28.552253917716758,815.2312037817719
2024,32,Texas A&M,Houston,-5,test,-10.08702248353717,5.0870224835371705,25.877797748012682
2024,32,Arizona,Dayton,10,test,6.389564911798832,3.610435088201168,13.035241526114175
2024,32,Baylor,Clemson,-8,test,2.7036613337568935,10.703661333756894,114.56836594776242
2024,32,Alabama,Grand Canyon,11,test,6.094688264355598,4.905311735644402,24.062083223850692
2024,32,Michigan St.,North Carolina,-16,test,-4.3090601086338465,11.690939891366153,136.67807554353644
2024,32,Iowa St.,Washington St.,11,test,5.621847828434284,5.378152171565716,28.92452078051703
2024,32,Illinois,Duquesne,26,test,11.29561175387552,14.70438824612448,216.2190336927638
2024,32,Yale,San Diego St.,-28,test,-6.210985131521673,21.789014868478326,474.7611689387696
2024,32,Northwestern,Connecticut,-17,test,-9.728562727396493,7.271437272603507,52.873800009407525
2024,64,Saint Peter's,Tennessee,-34,test,-19.84238538561003,14.15761461438997,200.43805156958848
2024,64,Colorado St.,Texas,-12,test,-2.5604095026885854,9.439590497311414,89.10586875693195
2024,64,Akron,Creighton,-17,test,-14.958386317611437,2.0416136823885633,4.16818642811619
2024,64,Oregon,South Carolina,14,test,-0.20329587612663014,14.20329587612663,201.73361374479572
2024,64,Samford,Kansas,-4,test,-6.948867423249424,2.948867423249424,8.695819079901696
2024,64,McNeese St.,Gonzaga,-21,test,-7.679916092992448,13.320083907007552,177.42463528972158
2024,64,TCU,Utah St.,-16,test,4.872902247997148,20.872902247997146,435.6780482544443
2024,64,Grambling St.,Purdue,-28,test,-29.382131442215872,1.3821314422158721,1.9102873235617268
2024,64,Western Kentucky,Marquette,-18,test,-15.86164879948149,2.1383512005185104,4.572545856758954
2024,64,Colorado,Florida,2,test,3.3583414328205325,1.3583414328205325,1.8450914481169374
2024,64,Oakland,Kentucky,4,test,-13.418783904262042,17.418783904262042,303.4140327033784
2024,64,North Carolina St.,Texas Tech,13,test,-3.591974180961317,16.591974180961316,275.2936072216869
2024,64,Vermont,Duke,-17,test,-15.58097859335908,1.4190214066409208,2.0136217525051774
2024,64,James Madison,Wisconsin,11,test,-8.526950620423161,19.52695062042316,381.3018005324445
2024,64,Texas A&M,Nebraska,15,test,-1.4604269542514419,16.460426954251442,270.9456555162474
2024,64,Longwood,Houston,-40,test,-20.93207864064184,19.06792135935816,363.5856249666671
2024,64,Long Beach St.,Arizona,-20,test,-21.56419432150753,1.5641943215075287,2.446703875436398
2024,64,Nevada,Dayton,-3,test,0.14300477627443708,3.143004776274437,9.878479023683925
2024,64,Colgate,Baylor,-25,test,-17.578425333021293,7.421574666978707,55.0797705375401
2024,64,New Mexico,Clemson,-21,test,1.4071924940294007,22.407192494029402,502.0822754644876
2024,64,College of Charleston,Alabama,-13,test,-8.536015776747035,4.4639842232529645,19.927155145451373
2024,64,Grand Canyon,Saint Mary's,9,test,-6.519643084089844,15.519643084089843,240.8593214575377
2024,64,Michigan St.,Mississippi St.,18,test,2.233296948558494,15.766703051441507,248.58892511233492
2024,64,Wagner,North Carolina,-28,test,-25.821186489093037,2.178813510906963,4.747228315310726
2024,64,South Dakota St.,Iowa St.,-17,test,-15.461921288689778,1.538078711310222,2.365686122185713
2024,64,Drake,Washington St.,-5,test,-0.973547336335181,4.026452663664819,16.212321052733515
2024,64,Morehead St.,Illinois,-16,test,-13.99911213684475,2.000887863155249,4.003552240921979
2024,64,Duquesne,BYU,4,test,-6.019681991809263,10.019681991809264,100.39402721698687
2024,64,Yale,Auburn,2,test,-10.244594004972738,12.244594004972738,149.9300823466143
2024,64,UAB,San Diego St.,-4,test,-8.963428540052586,4.963428540052586,24.635622872208547
2024,64,Northwestern,Florida Atlantic,12,test,0.44309606396343115,11.55690393603657,133.56202858677756
2024,64,Stetson,Connecticut,-39,test,-26.22305629476034,12.77694370523966,163.25029044686337
2025,2,Houston,Florida,-2,test,6.41190776505017,8.41190776505017,70.76019224771134
2025,4,Houston,Duke,3,test,1.1876854525949554,1.8123145474050446,3.284484018735952
2025,4,Florida,Auburn,6,test,-0.643999504871466,6.643999504871466,44.14272942073229
2025,8,Tennessee,Houston,-19,test,-3.757648406965364,15.242351593034636,232.3292820856855
2025,8,Alabama,Duke,-20,test,-7.346605741452639,12.653394258547362,160.10838626223935
2025,8,Texas Tech,Florida,-5,test,-4.590320107397887,0.4096798926021128,0.16783761440247869
2025,8,Michigan St.,Auburn,-6,test,-2.134668129431652,3.865331870568348,14.940790469631404
2025,16,Tennessee,Kentucky,13,test,6.196826593552071,6.803173406447929,46.28316839820032
2025,16,Purdue,Houston,-2,test,-8.078667874377807,6.078667874377807,36.950203126992804
2025,16,Alabama,BYU,25,test,4.906282396585812,20.093717603414188,403.7574871257572
2025,16,Arizona,Duke,-7,test,-8.903173390377589,1.9031733903775887,3.6220689538413255
2025,16,Arkansas,Texas Tech,-2,test,-4.425820527042296,2.425820527042296,5.884605229419762
2025,16,Maryland,Florida,-16,test,-2.5226731655164447,13.477326834483556,181.63833860349055
2025,16,Michigan St.,Mississippi,3,test,1.885591985305858,1.114408014694142,1.241905223214539
2025,16,Michigan,Auburn,-13,test,-4.281303828081562,8.718696171918438,76.01566293822523
2025,32,Tennessee,UCLA,9,test,6.06308592508149,2.9369140749185103,8.625464283454448
2025,32,Kentucky,Illinois,9,test,0.8633293264927104,8.13667067350729,66.20540964911356
2025,32,Purdue,McNeese St.,14,test,7.820912539737442,6.179087460262558,38.18112184157399
2025,32,Gonzaga,Houston,-5,test,-3.8452953216842127,1.1547046783157873,1.3333428941243657
2025,32,Alabama,Saint Mary's,14,test,4.4951678117342615,9.504832188265738,90.34183492709245
2025,32,Wisconsin,BYU,-2,test,1.017017761772426,3.017017761772426,9.1023961748503
2025,32,Arizona,Oregon,4,test,4.0536471884495775,0.0536471884495775,0.0028780208285444815
2025,32,Baylor,Duke,-23,test,-10.927130524439281,12.072869475560719,145.75417737392573
2025,32,St. John's,Arkansas,-9,test,0.03952841209309588,9.039528412093096,81.71307391303833
2025,32,Texas Tech,Drake,13,test,9.795344447536014,3.2046555524639864,10.269817209938259
2025,32,Maryland,Colorado St.,1,test,4.822151140617464,3.822151140617464,14.608839341723382
2025,32,Connecticut,Florida,-2,test,-7.060431627857633,5.060431627857633,25.607968260221853
2025,32,Michigan St.,New Mexico,8,test,5.840382907025807,2.1596170929741927,4.663945988266303
2025,32,Iowa St.,Mississippi,-13,test,0.9432919570762928,13.943291957076292,194.4153906002684
2025,32,Texas A&M,Michigan,-12,test,4.109916247314548,16.109916247314548,259.52940149548925
2025,32,Creighton,Auburn,-12,test,-5.566819338791574,6.433180661208426,41.38581341974608
2025,64,Wofford,Tennessee,-15,test,-15.367280265783435,0.3672802657834353,0.13489479363395088
2025,64,Utah St.,UCLA,-25,test,-5.445547972297595,19.554452027702403,382.37659410371464
2025,64,Troy,Kentucky,-19,test,-10.187014242906205,8.812985757093795,77.66871795473809
2025,64,Xavier,Illinois,-13,test,-4.064396939337696,8.935603060662304,79.84500205771754
2025,64,High Point,Purdue,-12,test,-13.50955708742429,1.5095570874242892,2.278762600192903
2025,64,McNeese St.,Clemson,2,test,-5.754805064110724,7.754805064110724,60.13700158235733
2025,64,Georgia,Gonzaga,-21,test,-6.212809521971693,14.787190478028307,218.66100223349105
2025,64,SIU Edwardsville,Houston,-38,test,-26.33156782831402,11.668432171685978,136.15230934523635
2025,64,Robert Morris,Alabama,-9,test,-20.00314217494801,11.00314217494801,121.06913772211963
2025,64,Vanderbilt,Saint Mary's,-3,test,-7.45661994391648,4.45661994391648,19.861461324514128
2025,64,Montana,Wisconsin,-19,test,-15.704989672234932,3.295010327765068,10.85709306007846
2025,64,VCU,BYU,-9,test,-4.607176495803575,4.392823504196425,19.296898339020558
2025,64,Akron,Arizona,-28,test,-14.884943677772489,13.115056322227511,172.00470233519982
2025,64,Liberty,Oregon,-29,test,-3.5566620047372686,25.44333799526273,647.3634483411801
2025,64,Baylor,Mississippi St.,3,test,0.3929829003129841,2.607017099687016,6.7965381580605
2025,64,Mount St. Mary's,Duke,-44,test,-35.17099465279939,8.829005347200606,77.9513354208969
2025,64,Nebraska Omaha,St. John's,-30,test,-17.328842099978033,12.671157900021967,160.5582425272891
2025,64,Arkansas,Kansas,7,test,-3.56302321422422,10.56302321422422,111.57745942423978
2025,64,UNC Wilmington,Texas Tech,-10,test,-17.308665585613724,7.308665585613724,53.4165926423344
2025,64,Drake,Missouri,10,test,-6.026175204322146,16.026175204322147,256.83829167963
2025,64,Grand Canyon,Maryland,-32,test,-14.658660124409545,17.341339875590457,300.72206868074363
2025,64,Colorado St.,Memphis,8,test,2.17823347358991,5.82176652641009,33.892965488029006
2025,64,Oklahoma,Connecticut,-8,test,-2.491340655898786,5.508659344101214,30.345327769353617
2025,64,Norfolk St.,Florida,-26,test,-25.580798813182902,0.41920118681709795,0.17572963502886346
2025,64,Bryant,Michigan St.,-25,test,-20.919475215155934,4.080524784844066,16.650682519726708
2025,64,New Mexico,Marquette,9,test,-2.152819966688263,11.152819966688263,124.38539320936039
2025,64,Lipscomb,Iowa St.,-27,test,-12.729685303547116,14.270314696452884,203.64188153579917
2025,64,North Carolina,Mississippi,-7,test,0.28802856537751387,7.288028565377514,53.115360369758626
2025,64,Yale,Texas A&M,-9,test,-6.140968882506874,2.859031117493126,8.174058930793993
2025,64,UC San Diego,Michigan,-3,test,-3.455917660887816,0.45591766088781593,0.20786091350941752
2025,64,Creighton,Louisville,14,test,-2.239584558366356,16.239584558366357,263.724106628331
2025,64,Alabama St.,Auburn,-20,test,-28.892096659499927,8.892096659499927,79.06938300188976
